"Measure","Ethnicity","Ethnicity_type","Time","Time_type","Geography","Gender","Age","Qualification","Value","Value_type","Denominator","Numerator","Upper 95% C.I.","Lower 95% C.I."
"% in employment","White","ONS 5+1","2012","Year","England, Scotland & Wales","Male","16-64","NQF Level 4 and above","89","%","5258672","4680660","89.4","88.6"
"% in employment","Mixed","ONS 5+1","2012","Year","England, Scotland & Wales","Male","16-64","NQF Level 4 and above","86.9","%","65297","56746","93.8","80.1"
"% in employment","Asian or Asian British","ONS 5+1","2012","Year","England, Scotland & Wales","Male","16-64","NQF Level 4 and above","89.8","%","485907","436519","92","87.7"
"% in employment","Black or Black British","ONS 5+1","2012","Year","England, Scotland & Wales","Male","16-64","NQF Level 4 and above","83.6","%","172195","143883","88.1","79"
"% in employment","Other","ONS 5+1","2012","Year","England, Scotland & Wales","Male","16-64","NQF Level 4 and above","84.6","%","167569","141770","89","80.2"
"% in employment","Other than White","ONS 5+1","2012","Year","England, Scotland & Wales","Male","16-64","NQF Level 4 and above","87.4","%","890968","778918","89.2","85.7"
"% in employment","Unknown","ONS 5+1","2012","Year","England, Scotland & Wales","Male","16-64","NQF Level 4 and above","?","%","?","?","?","?"
"% in employment","All","ONS 5+1","2012","Year","England, Scotland & Wales","Male","16-64","NQF Level 4 and above","88.8","%","6153963","5463091","89.1","88.4"
"% in employment","White","ONS 5+1","2012","Year","England, Scotland & Wales","Male","16-64","NQF Level 3","84.3","%","3197019","2694618.5","84.9","83.7"
"% in employment","Mixed","ONS 5+1","2012","Year","England, Scotland & Wales","Male","16-64","NQF Level 3","76.6","%","26185.5","20068.5","89.6","63.7"
"% in employment","Asian or Asian British","ONS 5+1","2012","Year","England, Scotland & Wales","Male","16-64","NQF Level 3","80.5","%","114614.5","92220.5","86.2","74.7"
"% in employment","Black or Black British","ONS 5+1","2012","Year","England, Scotland & Wales","Male","16-64","NQF Level 3","71.9","%","52958.5","38075","82","61.8"
"% in employment","Other","ONS 5+1","2012","Year","England, Scotland & Wales","Male","16-64","NQF Level 3","76.2","%","29417.5","22404.5","89","63.4"
"% in employment","Other than White","ONS 5+1","2012","Year","England, Scotland & Wales","Male","16-64","NQF Level 3","77.4","%","223176","172768.5","81.8","73"
"% in employment","Unknown","ONS 5+1","2012","Year","England, Scotland & Wales","Male","16-64","NQF Level 3","?","%","?","?","?","?"
"% in employment","All","ONS 5+1","2012","Year","England, Scotland & Wales","Male","16-64","NQF Level 3","83.8","%","3421565","2868346","84.4","83.3"
"% in employment","White","ONS 5+1","2012","Year","England, Scotland & Wales","Male","16-64","NQF Level 2","78.6","%","2892278","2273427.5","79.3","77.9"
"% in employment","Mixed","ONS 5+1","2012","Year","England, Scotland & Wales","Male","16-64","NQF Level 2","64.2","%","29181.5","18733.5","78.2","50.2"
"% in employment","Asian or Asian British","ONS 5+1","2012","Year","England, Scotland & Wales","Male","16-64","NQF Level 2","71.1","%","128664.5","91434.5","77.3","64.8"
"% in employment","Black or Black British","ONS 5+1","2012","Year","England, Scotland & Wales","Male","16-64","NQF Level 2","69.9","%","61185.5","42793","79.7","60.2"
"% in employment","Other","ONS 5+1","2012","Year","England, Scotland & Wales","Male","16-64","NQF Level 2","72","%","29454.5","21201.5","85.3","58.7"
"% in employment","Other than White","ONS 5+1","2012","Year","England, Scotland & Wales","Male","16-64","NQF Level 2","70.1","%","248486","174162.5","74.7","65.5"
"% in employment","Unknown","ONS 5+1","2012","Year","England, Scotland & Wales","Male","16-64","NQF Level 2","?","%","?","?","?","?"
"% in employment","All","ONS 5+1","2012","Year","England, Scotland & Wales","Male","16-64","NQF Level 2","77.9","%","3141463","2447855","78.6","77.3"
"% in employment","White","ONS 5+1","2012","Year","England, Scotland & Wales","Male","16-64","NQF Below Level 2","74.7","%","1956937","1461555","75.6","73.8"
"% in employment","Mixed","ONS 5+1","2012","Year","England, Scotland & Wales","Male","16-64","NQF Below Level 2","?","%","?","?","?","?"
"% in employment","Asian or Asian British","ONS 5+1","2012","Year","England, Scotland & Wales","Male","16-64","NQF Below Level 2","71.6","%","90213","64565","78.7","64.4"
"% in employment","Black or Black British","ONS 5+1","2012","Year","England, Scotland & Wales","Male","16-64","NQF Below Level 2","62.5","%","49992","31237","74.1","50.8"
"% in employment","Other","ONS 5+1","2012","Year","England, Scotland & Wales","Male","16-64","NQF Below Level 2","?","%","?","?","?","?"
"% in employment","Other than White","ONS 5+1","2012","Year","England, Scotland & Wales","Male","16-64","NQF Below Level 2","66.6","%","176954","117925","72.2","61.1"
"% in employment","Unknown","ONS 5+1","2012","Year","England, Scotland & Wales","Male","16-64","NQF Below Level 2","?","%","?","?","?","?"
"% in employment","All","ONS 5+1","2012","Year","England, Scotland & Wales","Male","16-64","NQF Below Level 2","74","%","2133891","1579480","74.9","73.2"
"% in employment","White","ONS 5+1","2012","Year","England, Scotland & Wales","Male","16-64","Other qualifications","78.4","%","1118127","876943","79.5","77.4"
"% in employment","Mixed","ONS 5+1","2012","Year","England, Scotland & Wales","Male","16-64","Other qualifications","?","%","?","?","?","?"
"% in employment","Asian or Asian British","ONS 5+1","2012","Year","England, Scotland & Wales","Male","16-64","Other qualifications","78","%","145793","113720","83.2","72.8"
"% in employment","Black or Black British","ONS 5+1","2012","Year","England, Scotland & Wales","Male","16-64","Other qualifications","71.9","%","51121","36755","82.1","61.7"
"% in employment","Other","ONS 5+1","2012","Year","England, Scotland & Wales","Male","16-64","Other qualifications","72.6","%","64382","46758","81.4","63.9"
"% in employment","Other than White","ONS 5+1","2012","Year","England, Scotland & Wales","Male","16-64","Other qualifications","74.9","%","270621","202742","79","70.8"
"% in employment","Unknown","ONS 5+1","2012","Year","England, Scotland & Wales","Male","16-64","Other qualifications","?","%","?","?","?","?"
"% in employment","All","ONS 5+1","2012","Year","England, Scotland & Wales","Male","16-64","Other qualifications","77.7","%","1390690","1080555","78.7","76.7"
"% in employment","White","ONS 5+1","2012","Year","England, Scotland & Wales","Male","16-64","No qualifications","49.1","%","1470793","721793","50.2","48"
"% in employment","Mixed","ONS 5+1","2012","Year","England, Scotland & Wales","Male","16-64","No qualifications","?","%","?","?","?","?"
"% in employment","Asian or Asian British","ONS 5+1","2012","Year","England, Scotland & Wales","Male","16-64","No qualifications","58.3","%","165609","96631","64.1","52.6"
"% in employment","Black or Black British","ONS 5+1","2012","Year","England, Scotland & Wales","Male","16-64","No qualifications","40.7","%","52292","21288","51.7","29.7"
"% in employment","Other","ONS 5+1","2012","Year","England, Scotland & Wales","Male","16-64","No qualifications","59.7","%","56348","33658","70.1","49.4"
"% in employment","Other than White","ONS 5+1","2012","Year","England, Scotland & Wales","Male","16-64","No qualifications","54.5","%","289351","157561","59","49.9"
"% in employment","Unknown","ONS 5+1","2012","Year","England, Scotland & Wales","Male","16-64","No qualifications","?","%","?","?","?","?"
"% in employment","All","ONS 5+1","2012","Year","England, Scotland & Wales","Male","16-64","No qualifications","50","%","1761061","879888","51","48.9"
"% in employment","White","ONS 5+1","2012","Year","England, Scotland & Wales","Male","16-64","Unknown","68.6","%","47900","32856","74.7","62.5"
"% in employment","Mixed","ONS 5+1","2012","Year","England, Scotland & Wales","Male","16-64","Unknown","?","%","?","?","?","?"
"% in employment","Asian or Asian British","ONS 5+1","2012","Year","England, Scotland & Wales","Male","16-64","Unknown","?","%","?","?","?","?"
"% in employment","Black or Black British","ONS 5+1","2012","Year","England, Scotland & Wales","Male","16-64","Unknown","?","%","?","?","?","?"
"% in employment","Other","ONS 5+1","2012","Year","England, Scotland & Wales","Male","16-64","Unknown","?","%","?","?","?","?"
"% in employment","Other than White","ONS 5+1","2012","Year","England, Scotland & Wales","Male","16-64","Unknown","?","%","?","?","?","?"
"% in employment","Unknown","ONS 5+1","2012","Year","England, Scotland & Wales","Male","16-64","Unknown","?","%","?","?","?","?"
"% in employment","All","ONS 5+1","2012","Year","England, Scotland & Wales","Male","16-64","Unknown","63.3","%","59395","37596","69.2","57.4"
"% in employment","White","ONS 5+1","2012","Year","England, Scotland & Wales","Male","16-64","All","79.9","%","15941726","12741853","80.2","79.6"
"% in employment","Mixed","ONS 5+1","2012","Year","England, Scotland & Wales","Male","16-64","All","72.9","%","159319","116125","78.5","67.3"
"% in employment","Asian or Asian British","ONS 5+1","2012","Year","England, Scotland & Wales","Male","16-64","All","79.1","%","1135415","897596","80.9","77.2"
"% in employment","Black or Black British","ONS 5+1","2012","Year","England, Scotland & Wales","Male","16-64","All","71.1","%","442819","314914","74.6","67.6"
"% in employment","Other","ONS 5+1","2012","Year","England, Scotland & Wales","Male","16-64","All","75.4","%","371820","280182","78.9","71.8"
"% in employment","Other than White","ONS 5+1","2012","Year","England, Scotland & Wales","Male","16-64","All","76.3","%","2109373","1608817","77.7","74.8"
"% in employment","Unknown","ONS 5+1","2012","Year","England, Scotland & Wales","Male","16-64","All","?","%","?","?","?","?"
"% in employment","All","ONS 5+1","2012","Year","England, Scotland & Wales","Male","16-64","All","79.5","%","18062028","14356811","79.8","79.2"
"% in employment","White","ONS 5+1","2012","Year","England, Scotland & Wales","Female","16-64","NQF Level 4 and above","82.2","%","5709118","4691422","82.6","81.7"
"% in employment","Mixed","ONS 5+1","2012","Year","England, Scotland & Wales","Female","16-64","NQF Level 4 and above","76.1","%","77498","58958","83.7","68.4"
"% in employment","Asian or Asian British","ONS 5+1","2012","Year","England, Scotland & Wales","Female","16-64","NQF Level 4 and above","69.6","%","452632","314815","72.8","66.3"
"% in employment","Black or Black British","ONS 5+1","2012","Year","England, Scotland & Wales","Female","16-64","NQF Level 4 and above","76.9","%","229455","176432","81.2","72.6"
"% in employment","Other","ONS 5+1","2012","Year","England, Scotland & Wales","Female","16-64","NQF Level 4 and above","72.9","%","187396","136530","77.8","67.9"
"% in employment","Other than White","ONS 5+1","2012","Year","England, Scotland & Wales","Female","16-64","NQF Level 4 and above","72.5","%","946981","686735","74.7","70.3"
"% in employment","Unknown","ONS 5+1","2012","Year","England, Scotland & Wales","Female","16-64","NQF Level 4 and above","?","%","?","?","?","?"
"% in employment","All","ONS 5+1","2012","Year","England, Scotland & Wales","Female","16-64","NQF Level 4 and above","80.8","%","6660572","5382199","81.2","80.4"
"% in employment","White","ONS 5+1","2012","Year","England, Scotland & Wales","Female","16-64","NQF Level 3","78.2","%","2556049","1999395","78.9","77.5"
"% in employment","Mixed","ONS 5+1","2012","Year","England, Scotland & Wales","Female","16-64","NQF Level 3","61.8","%","32246","19937.5","74.9","48.7"
"% in employment","Asian or Asian British","ONS 5+1","2012","Year","England, Scotland & Wales","Female","16-64","NQF Level 3","56.3","%","115888","65276","63.3","49.4"
"% in employment","Black or Black British","ONS 5+1","2012","Year","England, Scotland & Wales","Female","16-64","NQF Level 3","70.8","%","73414.5","51958.5","79.1","62.4"
"% in employment","Other","ONS 5+1","2012","Year","England, Scotland & Wales","Female","16-64","NQF Level 3","55.4","%","30913.5","17119.5","68.7","42"
"% in employment","Other than White","ONS 5+1","2012","Year","England, Scotland & Wales","Female","16-64","NQF Level 3","61.1","%","252462","154291.5","65.8","56.4"
"% in employment","Unknown","ONS 5+1","2012","Year","England, Scotland & Wales","Female","16-64","NQF Level 3","?","%","?","?","?","?"
"% in employment","All","ONS 5+1","2012","Year","England, Scotland & Wales","Female","16-64","NQF Level 3","76.7","%","2809257","2153990.5","77.4","76"
"% in employment","White","ONS 5+1","2012","Year","England, Scotland & Wales","Female","16-64","NQF Level 2","69","%","3121531","2152441","69.7","68.2"
"% in employment","Mixed","ONS 5+1","2012","Year","England, Scotland & Wales","Female","16-64","NQF Level 2","65.3","%","28697","18736.5","78.2","52.4"
"% in employment","Asian or Asian British","ONS 5+1","2012","Year","England, Scotland & Wales","Female","16-64","NQF Level 2","42.9","%","129036","55329","49.3","36.4"
"% in employment","Black or Black British","ONS 5+1","2012","Year","England, Scotland & Wales","Female","16-64","NQF Level 2","55.3","%","71725.5","39692.5","64.5","46.1"
"% in employment","Other","ONS 5+1","2012","Year","England, Scotland & Wales","Female","16-64","NQF Level 2","48.9","%","30680.5","15011.5","62.5","35.4"
"% in employment","Other than White","ONS 5+1","2012","Year","England, Scotland & Wales","Female","16-64","NQF Level 2","49.5","%","260139","128769.5","54.1","44.9"
"% in employment","Unknown","ONS 5+1","2012","Year","England, Scotland & Wales","Female","16-64","NQF Level 2","?","%","?","?","?","?"
"% in employment","All","ONS 5+1","2012","Year","England, Scotland & Wales","Female","16-64","NQF Level 2","67.4","%","3383923","2282242.5","68.1","66.7"
"% in employment","White","ONS 5+1","2012","Year","England, Scotland & Wales","Female","16-64","NQF Below Level 2","59.4","%","2185177","1296934","60.2","58.5"
"% in employment","Mixed","ONS 5+1","2012","Year","England, Scotland & Wales","Female","16-64","NQF Below Level 2","?","%","?","?","?","?"
"% in employment","Asian or Asian British","ONS 5+1","2012","Year","England, Scotland & Wales","Female","16-64","NQF Below Level 2","36.2","%","94032","34022","43.3","29"
"% in employment","Black or Black British","ONS 5+1","2012","Year","England, Scotland & Wales","Female","16-64","NQF Below Level 2","47","%","49638","23353","58.1","36"
"% in employment","Other","ONS 5+1","2012","Year","England, Scotland & Wales","Female","16-64","NQF Below Level 2","32.7","%","25426","8309","47.2","18.1"
"% in employment","Other than White","ONS 5+1","2012","Year","England, Scotland & Wales","Female","16-64","NQF Below Level 2","38.9","%","187689","73016","44.2","33.6"
"% in employment","Unknown","ONS 5+1","2012","Year","England, Scotland & Wales","Female","16-64","NQF Below Level 2","?","%","?","?","?","?"
"% in employment","All","ONS 5+1","2012","Year","England, Scotland & Wales","Female","16-64","NQF Below Level 2","57.7","%","2374146","1370873","58.6","56.9"
"% in employment","White","ONS 5+1","2012","Year","England, Scotland & Wales","Female","16-64","Other qualifications","64.2","%","782084","502177","65.6","62.8"
"% in employment","Mixed","ONS 5+1","2012","Year","England, Scotland & Wales","Female","16-64","Other qualifications","?","%","?","?","?","?"
"% in employment","Asian or Asian British","ONS 5+1","2012","Year","England, Scotland & Wales","Female","16-64","Other qualifications","36.9","%","134500","49611","42.9","30.8"
"% in employment","Black or Black British","ONS 5+1","2012","Year","England, Scotland & Wales","Female","16-64","Other qualifications","45.5","%","47565","21639","56.5","34.4"
"% in employment","Other","ONS 5+1","2012","Year","England, Scotland & Wales","Female","16-64","Other qualifications","47.7","%","54054","25802","57.9","37.6"
"% in employment","Other than White","ONS 5+1","2012","Year","England, Scotland & Wales","Female","16-64","Other qualifications","41.3","%","247481","102121","45.9","36.6"
"% in employment","Unknown","ONS 5+1","2012","Year","England, Scotland & Wales","Female","16-64","Other qualifications","?","%","?","?","?","?"
"% in employment","All","ONS 5+1","2012","Year","England, Scotland & Wales","Female","16-64","Other qualifications","58.7","%","1030798","604734","60","57.4"
"% in employment","White","ONS 5+1","2012","Year","England, Scotland & Wales","Female","16-64","No qualifications","34","%","1653773","561937","34.9","33"
"% in employment","Mixed","ONS 5+1","2012","Year","England, Scotland & Wales","Female","16-64","No qualifications","?","%","?","?","?","?"
"% in employment","Asian or Asian British","ONS 5+1","2012","Year","England, Scotland & Wales","Female","16-64","No qualifications","16.6","%","189807","31498","20.4","12.8"
"% in employment","Black or Black British","ONS 5+1","2012","Year","England, Scotland & Wales","Female","16-64","No qualifications","28.1","%","57883","16240","37","19.2"
"% in employment","Other","ONS 5+1","2012","Year","England, Scotland & Wales","Female","16-64","No qualifications","22.2","%","56037","12467","30.6","13.9"
"% in employment","Other than White","ONS 5+1","2012","Year","England, Scotland & Wales","Female","16-64","No qualifications","19.8","%","318583","63160","23","16.6"
"% in employment","Unknown","ONS 5+1","2012","Year","England, Scotland & Wales","Female","16-64","No qualifications","?","%","?","?","?","?"
"% in employment","All","ONS 5+1","2012","Year","England, Scotland & Wales","Female","16-64","No qualifications","31.7","%","1972938","625097","32.5","30.8"
"% in employment","White","ONS 5+1","2012","Year","England, Scotland & Wales","Female","16-64","Unknown","56.7","%","45100","25557","62.9","50.4"
"% in employment","Mixed","ONS 5+1","2012","Year","England, Scotland & Wales","Female","16-64","Unknown","?","%","?","?","?","?"
"% in employment","Asian or Asian British","ONS 5+1","2012","Year","England, Scotland & Wales","Female","16-64","Unknown","?","%","?","?","?","?"
"% in employment","Black or Black British","ONS 5+1","2012","Year","England, Scotland & Wales","Female","16-64","Unknown","?","%","?","?","?","?"
"% in employment","Other","ONS 5+1","2012","Year","England, Scotland & Wales","Female","16-64","Unknown","?","%","?","?","?","?"
"% in employment","Other than White","ONS 5+1","2012","Year","England, Scotland & Wales","Female","16-64","Unknown","?","%","?","?","?","?"
"% in employment","Unknown","ONS 5+1","2012","Year","England, Scotland & Wales","Female","16-64","Unknown","?","%","?","?","?","?"
"% in employment","All","ONS 5+1","2012","Year","England, Scotland & Wales","Female","16-64","Unknown","53.6","%","56620","30355","59.4","47.8"
"% in employment","White","ONS 5+1","2012","Year","England, Scotland & Wales","Female","16-64","All","70","%","16052832","11229863","70.3","69.6"
"% in employment","Mixed","ONS 5+1","2012","Year","England, Scotland & Wales","Female","16-64","All","61.6","%","183774","113164","67","56.1"
"% in employment","Asian or Asian British","ONS 5+1","2012","Year","England, Scotland & Wales","Female","16-64","All","49.4","%","1121452","553771","51.6","47.2"
"% in employment","Black or Black British","ONS 5+1","2012","Year","England, Scotland & Wales","Female","16-64","All","62.2","%","531257","330243","65.4","58.9"
"% in employment","Other","ONS 5+1","2012","Year","England, Scotland & Wales","Female","16-64","All","55.8","%","386561","215576","59.6","51.9"
"% in employment","Other than White","ONS 5+1","2012","Year","England, Scotland & Wales","Female","16-64","All","54.6","%","2223044","1212754","56.1","53"
"% in employment","Unknown","ONS 5+1","2012","Year","England, Scotland & Wales","Female","16-64","All","?","%","?","?","?","?"
"% in employment","All","ONS 5+1","2012","Year","England, Scotland & Wales","Female","16-64","All","68.1","%","18288254","12449491","68.4","67.8"
"% in employment","White","ONS 5+1","2012","Year","England, Scotland & Wales","All","16-64","NQF Level 4 and above","85.5","%","10967790","9372082","85.8","85.1"
"% in employment","Mixed","ONS 5+1","2012","Year","England, Scotland & Wales","All","16-64","NQF Level 4 and above","81","%","142795","115704","86.3","75.8"
"% in employment","Asian or Asian British","ONS 5+1","2012","Year","England, Scotland & Wales","All","16-64","NQF Level 4 and above","80.1","%","938539","751334","82.1","78"
"% in employment","Black or Black British","ONS 5+1","2012","Year","England, Scotland & Wales","All","16-64","NQF Level 4 and above","79.7","%","401650","320315","82.9","76.6"
"% in employment","Other","ONS 5+1","2012","Year","England, Scotland & Wales","All","16-64","NQF Level 4 and above","78.4","%","354965","278300","81.8","75"
"% in employment","Other than White","ONS 5+1","2012","Year","England, Scotland & Wales","All","16-64","NQF Level 4 and above","79.7","%","1837949","1465653","81.2","78.3"
"% in employment","Unknown","ONS 5+1","2012","Year","England, Scotland & Wales","All","16-64","NQF Level 4 and above","?","%","?","?","?","?"
"% in employment","All","ONS 5+1","2012","Year","England, Scotland & Wales","All","16-64","NQF Level 4 and above","84.6","%","12814535","10845290","84.9","84.3"
"% in employment","White","ONS 5+1","2012","Year","England, Scotland & Wales","All","16-64","NQF Level 3","81.6","%","5753068","4694013.5","82","81.1"
"% in employment","Mixed","ONS 5+1","2012","Year","England, Scotland & Wales","All","16-64","NQF Level 3","68.5","%","58431.5","40006","77.9","59.1"
"% in employment","Asian or Asian British","ONS 5+1","2012","Year","England, Scotland & Wales","All","16-64","NQF Level 3","68.3","%","230502.5","157496.5","73","63.6"
"% in employment","Black or Black British","ONS 5+1","2012","Year","England, Scotland & Wales","All","16-64","NQF Level 3","71.2","%","126373","90033.5","77.7","64.8"
"% in employment","Other","ONS 5+1","2012","Year","England, Scotland & Wales","All","16-64","NQF Level 3","65.5","%","60331","39524","75","56"
"% in employment","Other than White","ONS 5+1","2012","Year","England, Scotland & Wales","All","16-64","NQF Level 3","68.8","%","475638","327060","72.1","65.5"
"% in employment","Unknown","ONS 5+1","2012","Year","England, Scotland & Wales","All","16-64","NQF Level 3","?","%","?","?","?","?"
"% in employment","All","ONS 5+1","2012","Year","England, Scotland & Wales","All","16-64","NQF Level 3","80.6","%","6230822","5022336.5","81","80.2"
"% in employment","White","ONS 5+1","2012","Year","England, Scotland & Wales","All","16-64","NQF Level 2","73.6","%","6013809","4425868.5","74.1","73.1"
"% in employment","Mixed","ONS 5+1","2012","Year","England, Scotland & Wales","All","16-64","NQF Level 2","64.7","%","57878.5","37470","74.3","55.2"
"% in employment","Asian or Asian British","ONS 5+1","2012","Year","England, Scotland & Wales","All","16-64","NQF Level 2","57","%","257700.5","146763.5","61.6","52.3"
"% in employment","Black or Black British","ONS 5+1","2012","Year","England, Scotland & Wales","All","16-64","NQF Level 2","62.1","%","132911","82485.5","68.8","55.3"
"% in employment","Other","ONS 5+1","2012","Year","England, Scotland & Wales","All","16-64","NQF Level 2","60.2","%","60135","36213","70","50.4"
"% in employment","Other than White","ONS 5+1","2012","Year","England, Scotland & Wales","All","16-64","NQF Level 2","59.6","%","508625","302932","62.9","56.2"
"% in employment","Unknown","ONS 5+1","2012","Year","England, Scotland & Wales","All","16-64","NQF Level 2","?","%","?","?","?","?"
"% in employment","All","ONS 5+1","2012","Year","England, Scotland & Wales","All","16-64","NQF Level 2","72.5","%","6525386","4730097.5","73","72"
"% in employment","White","ONS 5+1","2012","Year","England, Scotland & Wales","All","16-64","NQF Below Level 2","66.6","%","4142114","2758489","67.2","66"
"% in employment","Mixed","ONS 5+1","2012","Year","England, Scotland & Wales","All","16-64","NQF Below Level 2","48.9","%","32083","15678","61.9","35.8"
"% in employment","Asian or Asian British","ONS 5+1","2012","Year","England, Scotland & Wales","All","16-64","NQF Below Level 2","53.5","%","184245","98587","58.9","48.1"
"% in employment","Black or Black British","ONS 5+1","2012","Year","England, Scotland & Wales","All","16-64","NQF Below Level 2","54.8","%","99630","54590","62.9","46.7"
"% in employment","Other","ONS 5+1","2012","Year","England, Scotland & Wales","All","16-64","NQF Below Level 2","45.4","%","48685","22086","56.7","34"
"% in employment","Other than White","ONS 5+1","2012","Year","England, Scotland & Wales","All","16-64","NQF Below Level 2","52.4","%","364643","190941","56.4","48.4"
"% in employment","Unknown","ONS 5+1","2012","Year","England, Scotland & Wales","All","16-64","NQF Below Level 2","?","%","?","?","?","?"
"% in employment","All","ONS 5+1","2012","Year","England, Scotland & Wales","All","16-64","NQF Below Level 2","65.4","%","4508037","2950353","66.1","64.8"
"% in employment","White","ONS 5+1","2012","Year","England, Scotland & Wales","All","16-64","Other qualifications","72.6","%","1900211","1379120","73.5","71.7"
"% in employment","Mixed","ONS 5+1","2012","Year","England, Scotland & Wales","All","16-64","Other qualifications","?","%","?","?","?","?"
"% in employment","Asian or Asian British","ONS 5+1","2012","Year","England, Scotland & Wales","All","16-64","Other qualifications","58.3","%","280293","163331","62.7","53.9"
"% in employment","Black or Black British","ONS 5+1","2012","Year","England, Scotland & Wales","All","16-64","Other qualifications","59.2","%","98686","58394","67","51.4"
"% in employment","Other","ONS 5+1","2012","Year","England, Scotland & Wales","All","16-64","Other qualifications","61.3","%","118436","72560","68.1","54.4"
"% in employment","Other than White","ONS 5+1","2012","Year","England, Scotland & Wales","All","16-64","Other qualifications","58.8","%","518102","304863","62.1","55.6"
"% in employment","Unknown","ONS 5+1","2012","Year","England, Scotland & Wales","All","16-64","Other qualifications","?","%","?","?","?","?"
"% in employment","All","ONS 5+1","2012","Year","England, Scotland & Wales","All","16-64","Other qualifications","69.6","%","2421488","1685289","70.4","68.8"
"% in employment","White","ONS 5+1","2012","Year","England, Scotland & Wales","All","16-64","No qualifications","41.1","%","3124566","1283730","41.8","40.4"
"% in employment","Mixed","ONS 5+1","2012","Year","England, Scotland & Wales","All","16-64","No qualifications","29.8","%","29958","8939","42.1","17.5"
"% in employment","Asian or Asian British","ONS 5+1","2012","Year","England, Scotland & Wales","All","16-64","No qualifications","36.1","%","355416","128129","39.7","32.4"
"% in employment","Black or Black British","ONS 5+1","2012","Year","England, Scotland & Wales","All","16-64","No qualifications","34.1","%","110175","37528","41.1","27"
"% in employment","Other","ONS 5+1","2012","Year","England, Scotland & Wales","All","16-64","No qualifications","41","%","112385","46125","48.2","33.9"
"% in employment","Other than White","ONS 5+1","2012","Year","England, Scotland & Wales","All","16-64","No qualifications","36.3","%","607934","220721","39.2","33.4"
"% in employment","Unknown","ONS 5+1","2012","Year","England, Scotland & Wales","All","16-64","No qualifications","?","%","?","?","?","?"
"% in employment","All","ONS 5+1","2012","Year","England, Scotland & Wales","All","16-64","No qualifications","40.3","%","3733999","1504985","41","39.6"
"% in employment","White","ONS 5+1","2012","Year","England, Scotland & Wales","All","16-64","Unknown","62.8","%","93000","58413","67.2","58.4"
"% in employment","Mixed","ONS 5+1","2012","Year","England, Scotland & Wales","All","16-64","Unknown","?","%","?","?","?","?"
"% in employment","Asian or Asian British","ONS 5+1","2012","Year","England, Scotland & Wales","All","16-64","Unknown","?","%","?","?","?","?"
"% in employment","Black or Black British","ONS 5+1","2012","Year","England, Scotland & Wales","All","16-64","Unknown","?","%","?","?","?","?"
"% in employment","Other","ONS 5+1","2012","Year","England, Scotland & Wales","All","16-64","Unknown","?","%","?","?","?","?"
"% in employment","Other than White","ONS 5+1","2012","Year","England, Scotland & Wales","All","16-64","Unknown","?","%","?","?","?","?"
"% in employment","Unknown","ONS 5+1","2012","Year","England, Scotland & Wales","All","16-64","Unknown","?","%","?","?","?","?"
"% in employment","All","ONS 5+1","2012","Year","England, Scotland & Wales","All","16-64","Unknown","58.6","%","116015","67951","62.7","54.4"
"% in employment","White","ONS 5+1","2012","Year","England, Scotland & Wales","All","16-64","All","74.9","%","31994558","23971716","75.1","74.7"
"% in employment","Mixed","ONS 5+1","2012","Year","England, Scotland & Wales","All","16-64","All","66.8","%","343093","229289","70.8","62.9"
"% in employment","Asian or Asian British","ONS 5+1","2012","Year","England, Scotland & Wales","All","16-64","All","64.3","%","2256867","1451367","65.8","62.8"
"% in employment","Black or Black British","ONS 5+1","2012","Year","England, Scotland & Wales","All","16-64","All","66.2","%","974076","645157","68.6","63.8"
"% in employment","Other","ONS 5+1","2012","Year","England, Scotland & Wales","All","16-64","All","65.4","%","758381","495758","68","62.7"
"% in employment","Other than White","ONS 5+1","2012","Year","England, Scotland & Wales","All","16-64","All","65.1","%","4332417","2821571","66.2","64"
"% in employment","Unknown","ONS 5+1","2012","Year","England, Scotland & Wales","All","16-64","All","55.8","%","23307","13015","70.9","40.8"
"% in employment","All","ONS 5+1","2012","Year","England, Scotland & Wales","All","16-64","All","73.7","%","36350282","26806302","73.9","73.5"
"% in employment","White","ONS 5+1","2013","Year","England, Scotland & Wales","Male","16-64","NQF Level 4 and above","89.5","%","5373711","4809053","89.9","89.1"
"% in employment","Mixed","ONS 5+1","2013","Year","England, Scotland & Wales","Male","16-64","NQF Level 4 and above","87.1","%","56919","49584","94","80.2"
"% in employment","Asian or Asian British","ONS 5+1","2013","Year","England, Scotland & Wales","Male","16-64","NQF Level 4 and above","90.4","%","517930","468206","92.4","88.4"
"% in employment","Black or Black British","ONS 5+1","2013","Year","England, Scotland & Wales","Male","16-64","NQF Level 4 and above","81.6","%","181942","148382","86.3","76.9"
"% in employment","Other","ONS 5+1","2013","Year","England, Scotland & Wales","Male","16-64","NQF Level 4 and above","84.8","%","173120","146779","89.1","80.4"
"% in employment","Other than White","ONS 5+1","2013","Year","England, Scotland & Wales","Male","16-64","NQF Level 4 and above","87.4","%","929911","812951","89.1","85.7"
"% in employment","Unknown","ONS 5+1","2013","Year","England, Scotland & Wales","Male","16-64","NQF Level 4 and above","?","%","?","?","?","?"
"% in employment","All","ONS 5+1","2013","Year","England, Scotland & Wales","Male","16-64","NQF Level 4 and above","89.2","%","6307110","5624784","89.5","88.8"
"% in employment","White","ONS 5+1","2013","Year","England, Scotland & Wales","Male","16-64","NQF Level 3","84.1","%","3188570.5","2681179.5","84.7","83.5"
"% in employment","Mixed","ONS 5+1","2013","Year","England, Scotland & Wales","Male","16-64","NQF Level 3","75.2","%","33434.5","25134","87.5","62.8"
"% in employment","Asian or Asian British","ONS 5+1","2013","Year","England, Scotland & Wales","Male","16-64","NQF Level 3","76.3","%","109104.5","83264.5","82.8","69.9"
"% in employment","Black or Black British","ONS 5+1","2013","Year","England, Scotland & Wales","Male","16-64","NQF Level 3","74","%","57386","42460","84","64"
"% in employment","Other","ONS 5+1","2013","Year","England, Scotland & Wales","Male","16-64","NQF Level 3","?","%","?","?","?","?"
"% in employment","Other than White","ONS 5+1","2013","Year","England, Scotland & Wales","Male","16-64","NQF Level 3","75.7","%","224035.5","169641.5","80.4","71.1"
"% in employment","Unknown","ONS 5+1","2013","Year","England, Scotland & Wales","Male","16-64","NQF Level 3","?","%","?","?","?","?"
"% in employment","All","ONS 5+1","2013","Year","England, Scotland & Wales","Male","16-64","NQF Level 3","83.5","%","3413364","2851235","84.1","83"
"% in employment","White","ONS 5+1","2013","Year","England, Scotland & Wales","Male","16-64","NQF Level 2","79.1","%","2883751.5","2281424.5","79.8","78.4"
"% in employment","Mixed","ONS 5+1","2013","Year","England, Scotland & Wales","Male","16-64","NQF Level 2","65.3","%","28499.5","18619","79.2","51.5"
"% in employment","Asian or Asian British","ONS 5+1","2013","Year","England, Scotland & Wales","Male","16-64","NQF Level 2","70.5","%","130107.5","91671.5","76.8","64.2"
"% in employment","Black or Black British","ONS 5+1","2013","Year","England, Scotland & Wales","Male","16-64","NQF Level 2","61.6","%","57427","35386","72.2","51"
"% in employment","Other","ONS 5+1","2013","Year","England, Scotland & Wales","Male","16-64","NQF Level 2","76.9","%","31059.5","23871","88.5","65.2"
"% in employment","Other than White","ONS 5+1","2013","Year","England, Scotland & Wales","Male","16-64","NQF Level 2","68.6","%","247093.5","169547.5","73.3","63.9"
"% in employment","Unknown","ONS 5+1","2013","Year","England, Scotland & Wales","Male","16-64","NQF Level 2","?","%","?","?","?","?"
"% in employment","All","ONS 5+1","2013","Year","England, Scotland & Wales","Male","16-64","NQF Level 2","78.3","%","3131888","2451141","78.9","77.6"
"% in employment","White","ONS 5+1","2013","Year","England, Scotland & Wales","Male","16-64","NQF Below Level 2","75.4","%","1911196","1440134","76.2","74.5"
"% in employment","Mixed","ONS 5+1","2013","Year","England, Scotland & Wales","Male","16-64","NQF Below Level 2","?","%","?","?","?","?"
"% in employment","Asian or Asian British","ONS 5+1","2013","Year","England, Scotland & Wales","Male","16-64","NQF Below Level 2","66.1","%","100937","66768","73.8","58.5"
"% in employment","Black or Black British","ONS 5+1","2013","Year","England, Scotland & Wales","Male","16-64","NQF Below Level 2","67.9","%","43882","29810","79.4","56.5"
"% in employment","Other","ONS 5+1","2013","Year","England, Scotland & Wales","Male","16-64","NQF Below Level 2","?","%","?","?","?","?"
"% in employment","Other than White","ONS 5+1","2013","Year","England, Scotland & Wales","Male","16-64","NQF Below Level 2","63.1","%","190688","120391","68.8","57.5"
"% in employment","Unknown","ONS 5+1","2013","Year","England, Scotland & Wales","Male","16-64","NQF Below Level 2","?","%","?","?","?","?"
"% in employment","All","ONS 5+1","2013","Year","England, Scotland & Wales","Male","16-64","NQF Below Level 2","74.2","%","2102185","1560525","75.1","73.4"
"% in employment","White","ONS 5+1","2013","Year","England, Scotland & Wales","Male","16-64","Other qualifications","80.9","%","1111583","899262","81.9","79.9"
"% in employment","Mixed","ONS 5+1","2013","Year","England, Scotland & Wales","Male","16-64","Other qualifications","?","%","?","?","?","?"
"% in employment","Asian or Asian British","ONS 5+1","2013","Year","England, Scotland & Wales","Male","16-64","Other qualifications","79.2","%","144915","114794","84.4","74"
"% in employment","Black or Black British","ONS 5+1","2013","Year","England, Scotland & Wales","Male","16-64","Other qualifications","68.6","%","55220","37896","79","58.3"
"% in employment","Other","ONS 5+1","2013","Year","England, Scotland & Wales","Male","16-64","Other qualifications","72.8","%","66628","48499","81.5","64.1"
"% in employment","Other than White","ONS 5+1","2013","Year","England, Scotland & Wales","Male","16-64","Other qualifications","75.5","%","280743","211943","79.6","71.4"
"% in employment","Unknown","ONS 5+1","2013","Year","England, Scotland & Wales","Male","16-64","Other qualifications","?","%","?","?","?","?"
"% in employment","All","ONS 5+1","2013","Year","England, Scotland & Wales","Male","16-64","Other qualifications","79.8","%","1393229","1111904","80.8","78.8"
"% in employment","White","ONS 5+1","2013","Year","England, Scotland & Wales","Male","16-64","No qualifications","50","%","1453724","726283","51.1","48.8"
"% in employment","Mixed","ONS 5+1","2013","Year","England, Scotland & Wales","Male","16-64","No qualifications","?","%","?","?","?","?"
"% in employment","Asian or Asian British","ONS 5+1","2013","Year","England, Scotland & Wales","Male","16-64","No qualifications","56.3","%","164855","92731","62.2","50.3"
"% in employment","Black or Black British","ONS 5+1","2013","Year","England, Scotland & Wales","Male","16-64","No qualifications","51","%","44429","22665","63","39"
"% in employment","Other","ONS 5+1","2013","Year","England, Scotland & Wales","Male","16-64","No qualifications","53.6","%","53091","28468","64.4","42.9"
"% in employment","Other than White","ONS 5+1","2013","Year","England, Scotland & Wales","Male","16-64","No qualifications","53.7","%","280591","150642","58.3","49"
"% in employment","Unknown","ONS 5+1","2013","Year","England, Scotland & Wales","Male","16-64","No qualifications","?","%","?","?","?","?"
"% in employment","All","ONS 5+1","2013","Year","England, Scotland & Wales","Male","16-64","No qualifications","50.6","%","1734857","877342","51.6","49.5"
"% in employment","White","ONS 5+1","2013","Year","England, Scotland & Wales","Male","16-64","Unknown","60.2","%","40564","24402","67","53.3"
"% in employment","Mixed","ONS 5+1","2013","Year","England, Scotland & Wales","Male","16-64","Unknown","?","%","?","?","?","?"
"% in employment","Asian or Asian British","ONS 5+1","2013","Year","England, Scotland & Wales","Male","16-64","Unknown","?","%","?","?","?","?"
"% in employment","Black or Black British","ONS 5+1","2013","Year","England, Scotland & Wales","Male","16-64","Unknown","?","%","?","?","?","?"
"% in employment","Other","ONS 5+1","2013","Year","England, Scotland & Wales","Male","16-64","Unknown","?","%","?","?","?","?"
"% in employment","Other than White","ONS 5+1","2013","Year","England, Scotland & Wales","Male","16-64","Unknown","?","%","?","?","?","?"
"% in employment","Unknown","ONS 5+1","2013","Year","England, Scotland & Wales","Male","16-64","Unknown","?","%","?","?","?","?"
"% in employment","All","ONS 5+1","2013","Year","England, Scotland & Wales","Male","16-64","Unknown","59.4","%","48867","29014","65.8","53"
"% in employment","White","ONS 5+1","2013","Year","England, Scotland & Wales","Male","16-64","All","80.6","%","15963100","12861738","80.9","80.3"
"% in employment","Mixed","ONS 5+1","2013","Year","England, Scotland & Wales","Male","16-64","All","70.8","%","173582","122979","76.4","65.3"
"% in employment","Asian or Asian British","ONS 5+1","2013","Year","England, Scotland & Wales","Male","16-64","All","78.5","%","1170896","919522","80.4","76.7"
"% in employment","Black or Black British","ONS 5+1","2013","Year","England, Scotland & Wales","Male","16-64","All","71.8","%","441863","317117","75.3","68.2"
"% in employment","Other","ONS 5+1","2013","Year","England, Scotland & Wales","Male","16-64","All","74.8","%","374356","280110","78.4","71.3"
"% in employment","Other than White","ONS 5+1","2013","Year","England, Scotland & Wales","Male","16-64","All","75.9","%","2160697","1639728","77.4","74.4"
"% in employment","Unknown","ONS 5+1","2013","Year","England, Scotland & Wales","Male","16-64","All","?","%","?","?","?","?"
"% in employment","All","ONS 5+1","2013","Year","England, Scotland & Wales","Male","16-64","All","80","%","18131500","14505945","80.3","79.7"
"% in employment","White","ONS 5+1","2013","Year","England, Scotland & Wales","Female","16-64","NQF Level 4 and above","82.8","%","5915091","4896556","83.2","82.4"
"% in employment","Mixed","ONS 5+1","2013","Year","England, Scotland & Wales","Female","16-64","NQF Level 4 and above","80.9","%","78981","63901","87.8","74"
"% in employment","Asian or Asian British","ONS 5+1","2013","Year","England, Scotland & Wales","Female","16-64","NQF Level 4 and above","70.4","%","459570","323351","73.6","67.2"
"% in employment","Black or Black British","ONS 5+1","2013","Year","England, Scotland & Wales","Female","16-64","NQF Level 4 and above","80.3","%","233182","187287","84.4","76.3"
"% in employment","Other","ONS 5+1","2013","Year","England, Scotland & Wales","Female","16-64","NQF Level 4 and above","67.4","%","202432","136526","72.5","62.4"
"% in employment","Other than White","ONS 5+1","2013","Year","England, Scotland & Wales","Female","16-64","NQF Level 4 and above","73","%","974165","711065","75.2","70.8"
"% in employment","Unknown","ONS 5+1","2013","Year","England, Scotland & Wales","Female","16-64","NQF Level 4 and above","?","%","?","?","?","?"
"% in employment","All","ONS 5+1","2013","Year","England, Scotland & Wales","Female","16-64","NQF Level 4 and above","81.4","%","6893990","5611551","81.8","81"
"% in employment","White","ONS 5+1","2013","Year","England, Scotland & Wales","Female","16-64","NQF Level 3","78.1","%","2587872","2020419","78.8","77.4"
"% in employment","Mixed","ONS 5+1","2013","Year","England, Scotland & Wales","Female","16-64","NQF Level 3","65.8","%","39022","25692","77.9","53.8"
"% in employment","Asian or Asian British","ONS 5+1","2013","Year","England, Scotland & Wales","Female","16-64","NQF Level 3","58.6","%","115728","67869","65.4","51.9"
"% in employment","Black or Black British","ONS 5+1","2013","Year","England, Scotland & Wales","Female","16-64","NQF Level 3","64","%","76474.5","48966","72.7","55.4"
"% in employment","Other","ONS 5+1","2013","Year","England, Scotland & Wales","Female","16-64","NQF Level 3","61.9","%","32508","20118","74.7","49.1"
"% in employment","Other than White","ONS 5+1","2013","Year","England, Scotland & Wales","Female","16-64","NQF Level 3","61.7","%","263732.5","162645","66.2","57.1"
"% in employment","Unknown","ONS 5+1","2013","Year","England, Scotland & Wales","Female","16-64","NQF Level 3","?","%","?","?","?","?"
"% in employment","All","ONS 5+1","2013","Year","England, Scotland & Wales","Female","16-64","NQF Level 3","76.6","%","2852472.5","2183622","77.3","75.9"
"% in employment","White","ONS 5+1","2013","Year","England, Scotland & Wales","Female","16-64","NQF Level 2","68.9","%","3102346","2137760","69.6","68.2"
"% in employment","Mixed","ONS 5+1","2013","Year","England, Scotland & Wales","Female","16-64","NQF Level 2","59.6","%","33743","20095","72.1","47.1"
"% in employment","Asian or Asian British","ONS 5+1","2013","Year","England, Scotland & Wales","Female","16-64","NQF Level 2","45.6","%","137134","62474","51.9","39.2"
"% in employment","Black or Black British","ONS 5+1","2013","Year","England, Scotland & Wales","Female","16-64","NQF Level 2","60.1","%","75632.5","45477","68.9","51.4"
"% in employment","Other","ONS 5+1","2013","Year","England, Scotland & Wales","Female","16-64","NQF Level 2","48.1","%","27404","13177","62.3","33.9"
"% in employment","Other than White","ONS 5+1","2013","Year","England, Scotland & Wales","Female","16-64","NQF Level 2","51.6","%","273913.5","141223","56.1","47"
"% in employment","Unknown","ONS 5+1","2013","Year","England, Scotland & Wales","Female","16-64","NQF Level 2","?","%","?","?","?","?"
"% in employment","All","ONS 5+1","2013","Year","England, Scotland & Wales","Female","16-64","NQF Level 2","67.5","%","3377798.5","2280364","68.2","66.8"
"% in employment","White","ONS 5+1","2013","Year","England, Scotland & Wales","Female","16-64","NQF Below Level 2","60.3","%","2102171","1267652","61.2","59.4"
"% in employment","Mixed","ONS 5+1","2013","Year","England, Scotland & Wales","Female","16-64","NQF Below Level 2","?","%","?","?","?","?"
"% in employment","Asian or Asian British","ONS 5+1","2013","Year","England, Scotland & Wales","Female","16-64","NQF Below Level 2","29.9","%","101652","30414","36.7","23.2"
"% in employment","Black or Black British","ONS 5+1","2013","Year","England, Scotland & Wales","Female","16-64","NQF Below Level 2","44","%","50553","22262","55","33"
"% in employment","Other","ONS 5+1","2013","Year","England, Scotland & Wales","Female","16-64","NQF Below Level 2","30.1","%","26162","7878","44.3","15.9"
"% in employment","Other than White","ONS 5+1","2013","Year","England, Scotland & Wales","Female","16-64","NQF Below Level 2","35.2","%","198421","69774","40.3","30"
"% in employment","Unknown","ONS 5+1","2013","Year","England, Scotland & Wales","Female","16-64","NQF Below Level 2","?","%","?","?","?","?"
"% in employment","All","ONS 5+1","2013","Year","England, Scotland & Wales","Female","16-64","NQF Below Level 2","58.1","%","2301317","1337914","59","57.3"
"% in employment","White","ONS 5+1","2013","Year","England, Scotland & Wales","Female","16-64","Other qualifications","64.4","%","771678","496999","65.9","63"
"% in employment","Mixed","ONS 5+1","2013","Year","England, Scotland & Wales","Female","16-64","Other qualifications","?","%","?","?","?","?"
"% in employment","Asian or Asian British","ONS 5+1","2013","Year","England, Scotland & Wales","Female","16-64","Other qualifications","39.3","%","132962","52292","45.5","33.1"
"% in employment","Black or Black British","ONS 5+1","2013","Year","England, Scotland & Wales","Female","16-64","Other qualifications","51.4","%","41166","21140","62.8","39.9"
"% in employment","Other","ONS 5+1","2013","Year","England, Scotland & Wales","Female","16-64","Other qualifications","47.2","%","61043","28830","56.8","37.7"
"% in employment","Other than White","ONS 5+1","2013","Year","England, Scotland & Wales","Female","16-64","Other qualifications","44.3","%","242280","107229","49","39.6"
"% in employment","Unknown","ONS 5+1","2013","Year","England, Scotland & Wales","Female","16-64","Other qualifications","?","%","?","?","?","?"
"% in employment","All","ONS 5+1","2013","Year","England, Scotland & Wales","Female","16-64","Other qualifications","59.6","%","1014819","604489","60.9","58.2"
"% in employment","White","ONS 5+1","2013","Year","England, Scotland & Wales","Female","16-64","No qualifications","35.2","%","1543529","544018","36.2","34.3"
"% in employment","Mixed","ONS 5+1","2013","Year","England, Scotland & Wales","Female","16-64","No qualifications","?","%","?","?","?","?"
"% in employment","Asian or Asian British","ONS 5+1","2013","Year","England, Scotland & Wales","Female","16-64","No qualifications","16.6","%","189137","31474","20.5","12.8"
"% in employment","Black or Black British","ONS 5+1","2013","Year","England, Scotland & Wales","Female","16-64","No qualifications","28.4","%","58387","16603","37.5","19.3"
"% in employment","Other","ONS 5+1","2013","Year","England, Scotland & Wales","Female","16-64","No qualifications","25.4","%","52929","13464","34","16.9"
"% in employment","Other than White","ONS 5+1","2013","Year","England, Scotland & Wales","Female","16-64","No qualifications","20.8","%","313884","65391","24.2","17.5"
"% in employment","Unknown","ONS 5+1","2013","Year","England, Scotland & Wales","Female","16-64","No qualifications","?","%","?","?","?","?"
"% in employment","All","ONS 5+1","2013","Year","England, Scotland & Wales","Female","16-64","No qualifications","32.8","%","1858807","609409","33.7","31.9"
"% in employment","White","ONS 5+1","2013","Year","England, Scotland & Wales","Female","16-64","Unknown","53.9","%","37576","20246","60.9","46.9"
"% in employment","Mixed","ONS 5+1","2013","Year","England, Scotland & Wales","Female","16-64","Unknown","?","%","?","?","?","?"
"% in employment","Asian or Asian British","ONS 5+1","2013","Year","England, Scotland & Wales","Female","16-64","Unknown","?","%","?","?","?","?"
"% in employment","Black or Black British","ONS 5+1","2013","Year","England, Scotland & Wales","Female","16-64","Unknown","?","%","?","?","?","?"
"% in employment","Other","ONS 5+1","2013","Year","England, Scotland & Wales","Female","16-64","Unknown","?","%","?","?","?","?"
"% in employment","Other than White","ONS 5+1","2013","Year","England, Scotland & Wales","Female","16-64","Unknown","?","%","?","?","?","?"
"% in employment","Unknown","ONS 5+1","2013","Year","England, Scotland & Wales","Female","16-64","Unknown","?","%","?","?","?","?"
"% in employment","All","ONS 5+1","2013","Year","England, Scotland & Wales","Female","16-64","Unknown","51.5","%","45897","23641","58.1","45"
"% in employment","White","ONS 5+1","2013","Year","England, Scotland & Wales","Female","16-64","All","70.9","%","16060263","11383650","71.2","70.6"
"% in employment","Mixed","ONS 5+1","2013","Year","England, Scotland & Wales","Female","16-64","All","66.2","%","192824","127725","71.5","61"
"% in employment","Asian or Asian British","ONS 5+1","2013","Year","England, Scotland & Wales","Female","16-64","All","50","%","1139987","569728","52.2","47.8"
"% in employment","Black or Black British","ONS 5+1","2013","Year","England, Scotland & Wales","Female","16-64","All","63.8","%","538055","343276","67","60.6"
"% in employment","Other","ONS 5+1","2013","Year","England, Scotland & Wales","Female","16-64","All","54.6","%","402927","219993","58.4","50.8"
"% in employment","Other than White","ONS 5+1","2013","Year","England, Scotland & Wales","Female","16-64","All","55.4","%","2273793","1260722","57","53.9"
"% in employment","Unknown","ONS 5+1","2013","Year","England, Scotland & Wales","Female","16-64","All","?","%","?","?","?","?"
"% in employment","All","ONS 5+1","2013","Year","England, Scotland & Wales","Female","16-64","All","69","%","18345101","12650990","69.3","68.7"
"% in employment","White","ONS 5+1","2013","Year","England, Scotland & Wales","All","16-64","NQF Level 4 and above","86","%","11288802","9705609","86.3","85.7"
"% in employment","Mixed","ONS 5+1","2013","Year","England, Scotland & Wales","All","16-64","NQF Level 4 and above","83.5","%","135900","113485","88.5","78.5"
"% in employment","Asian or Asian British","ONS 5+1","2013","Year","England, Scotland & Wales","All","16-64","NQF Level 4 and above","81","%","977500","791557","82.9","79"
"% in employment","Black or Black British","ONS 5+1","2013","Year","England, Scotland & Wales","All","16-64","NQF Level 4 and above","80.9","%","415124","335669","83.9","77.8"
"% in employment","Other","ONS 5+1","2013","Year","England, Scotland & Wales","All","16-64","NQF Level 4 and above","75.4","%","375552","283305","78.9","72"
"% in employment","Other than White","ONS 5+1","2013","Year","England, Scotland & Wales","All","16-64","NQF Level 4 and above","80","%","1904076","1524016","81.5","78.6"
"% in employment","Unknown","ONS 5+1","2013","Year","England, Scotland & Wales","All","16-64","NQF Level 4 and above","?","%","?","?","?","?"
"% in employment","All","ONS 5+1","2013","Year","England, Scotland & Wales","All","16-64","NQF Level 4 and above","85.1","%","13201100","11236335","85.4","84.8"
"% in employment","White","ONS 5+1","2013","Year","England, Scotland & Wales","All","16-64","NQF Level 3","81.4","%","5776442.5","4701598.5","81.8","80.9"
"% in employment","Mixed","ONS 5+1","2013","Year","England, Scotland & Wales","All","16-64","NQF Level 3","70.1","%","72456.5","50826","78.8","61.5"
"% in employment","Asian or Asian British","ONS 5+1","2013","Year","England, Scotland & Wales","All","16-64","NQF Level 3","67.2","%","224832.5","151133.5","72","62.4"
"% in employment","Black or Black British","ONS 5+1","2013","Year","England, Scotland & Wales","All","16-64","NQF Level 3","68.3","%","133860.5","91426","74.9","61.7"
"% in employment","Other","ONS 5+1","2013","Year","England, Scotland & Wales","All","16-64","NQF Level 3","68.7","%","56618.5","38901","78.2","59.2"
"% in employment","Other than White","ONS 5+1","2013","Year","England, Scotland & Wales","All","16-64","NQF Level 3","68.1","%","487768","332286.5","71.4","64.8"
"% in employment","Unknown","ONS 5+1","2013","Year","England, Scotland & Wales","All","16-64","NQF Level 3","?","%","?","?","?","?"
"% in employment","All","ONS 5+1","2013","Year","England, Scotland & Wales","All","16-64","NQF Level 3","80.4","%","6265836.5","5034857","80.8","79.9"
"% in employment","White","ONS 5+1","2013","Year","England, Scotland & Wales","All","16-64","NQF Level 2","73.8","%","5986097.5","4419184.5","74.3","73.3"
"% in employment","Mixed","ONS 5+1","2013","Year","England, Scotland & Wales","All","16-64","NQF Level 2","62.2","%","62242.5","38714","71.5","52.9"
"% in employment","Asian or Asian British","ONS 5+1","2013","Year","England, Scotland & Wales","All","16-64","NQF Level 2","57.7","%","267241.5","154145.5","62.3","53"
"% in employment","Black or Black British","ONS 5+1","2013","Year","England, Scotland & Wales","All","16-64","NQF Level 2","60.8","%","133059.5","80863","67.5","54"
"% in employment","Other","ONS 5+1","2013","Year","England, Scotland & Wales","All","16-64","NQF Level 2","63.4","%","58463.5","37048","72.9","53.8"
"% in employment","Other than White","ONS 5+1","2013","Year","England, Scotland & Wales","All","16-64","NQF Level 2","59.6","%","521007","310770.5","63","56.3"
"% in employment","Unknown","ONS 5+1","2013","Year","England, Scotland & Wales","All","16-64","NQF Level 2","?","%","?","?","?","?"
"% in employment","All","ONS 5+1","2013","Year","England, Scotland & Wales","All","16-64","NQF Level 2","72.7","%","6509686.5","4731505","73.2","72.2"
"% in employment","White","ONS 5+1","2013","Year","England, Scotland & Wales","All","16-64","NQF Below Level 2","67.5","%","4013367","2707786","68.1","66.8"
"% in employment","Mixed","ONS 5+1","2013","Year","England, Scotland & Wales","All","16-64","NQF Below Level 2","49.7","%","40869","20295","62","37.3"
"% in employment","Asian or Asian British","ONS 5+1","2013","Year","England, Scotland & Wales","All","16-64","NQF Below Level 2","48","%","202589","97182","53.4","42.5"
"% in employment","Black or Black British","ONS 5+1","2013","Year","England, Scotland & Wales","All","16-64","NQF Below Level 2","55.1","%","94435","52072","63.3","47"
"% in employment","Other","ONS 5+1","2013","Year","England, Scotland & Wales","All","16-64","NQF Below Level 2","40.3","%","51216","20616","51.2","29.3"
"% in employment","Other than White","ONS 5+1","2013","Year","England, Scotland & Wales","All","16-64","NQF Below Level 2","48.9","%","389109","190165","52.8","44.9"
"% in employment","Unknown","ONS 5+1","2013","Year","England, Scotland & Wales","All","16-64","NQF Below Level 2","?","%","?","?","?","?"
"% in employment","All","ONS 5+1","2013","Year","England, Scotland & Wales","All","16-64","NQF Below Level 2","65.8","%","4403502","2898439","66.5","65.2"
"% in employment","White","ONS 5+1","2013","Year","England, Scotland & Wales","All","16-64","Other qualifications","74.1","%","1883261","1396261","75","73.3"
"% in employment","Mixed","ONS 5+1","2013","Year","England, Scotland & Wales","All","16-64","Other qualifications","?","%","?","?","?","?"
"% in employment","Asian or Asian British","ONS 5+1","2013","Year","England, Scotland & Wales","All","16-64","Other qualifications","60.1","%","277877","167086","64.6","55.7"
"% in employment","Black or Black British","ONS 5+1","2013","Year","England, Scotland & Wales","All","16-64","Other qualifications","61.2","%","96386","59036","69","53.5"
"% in employment","Other","ONS 5+1","2013","Year","England, Scotland & Wales","All","16-64","Other qualifications","60.6","%","127671","77329","67.2","53.9"
"% in employment","Other than White","ONS 5+1","2013","Year","England, Scotland & Wales","All","16-64","Other qualifications","61","%","523023","319172","64.3","57.8"
"% in employment","Unknown","ONS 5+1","2013","Year","England, Scotland & Wales","All","16-64","Other qualifications","?","%","?","?","?","?"
"% in employment","All","ONS 5+1","2013","Year","England, Scotland & Wales","All","16-64","Other qualifications","71.3","%","2408048","1716393","72.1","70.5"
"% in employment","White","ONS 5+1","2013","Year","England, Scotland & Wales","All","16-64","No qualifications","42.4","%","2997253","1270301","43.1","41.6"
"% in employment","Mixed","ONS 5+1","2013","Year","England, Scotland & Wales","All","16-64","No qualifications","33.6","%","31647","10628","47.2","20"
"% in employment","Asian or Asian British","ONS 5+1","2013","Year","England, Scotland & Wales","All","16-64","No qualifications","35.1","%","353992","124205","38.8","31.3"
"% in employment","Black or Black British","ONS 5+1","2013","Year","England, Scotland & Wales","All","16-64","No qualifications","38.2","%","102816","39268","45.7","30.7"
"% in employment","Other","ONS 5+1","2013","Year","England, Scotland & Wales","All","16-64","No qualifications","39.6","%","106020","41932","46.7","32.4"
"% in employment","Other than White","ONS 5+1","2013","Year","England, Scotland & Wales","All","16-64","No qualifications","36.3","%","594475","216033","39.3","33.4"
"% in employment","Unknown","ONS 5+1","2013","Year","England, Scotland & Wales","All","16-64","No qualifications","?","%","?","?","?","?"
"% in employment","All","ONS 5+1","2013","Year","England, Scotland & Wales","All","16-64","No qualifications","41.4","%","3593664","1486751","42.1","40.7"
"% in employment","White","ONS 5+1","2013","Year","England, Scotland & Wales","All","16-64","Unknown","57.1","%","78140","44648","62","52.2"
"% in employment","Mixed","ONS 5+1","2013","Year","England, Scotland & Wales","All","16-64","Unknown","?","%","?","?","?","?"
"% in employment","Asian or Asian British","ONS 5+1","2013","Year","England, Scotland & Wales","All","16-64","Unknown","?","%","?","?","?","?"
"% in employment","Black or Black British","ONS 5+1","2013","Year","England, Scotland & Wales","All","16-64","Unknown","?","%","?","?","?","?"
"% in employment","Other","ONS 5+1","2013","Year","England, Scotland & Wales","All","16-64","Unknown","?","%","?","?","?","?"
"% in employment","Other than White","ONS 5+1","2013","Year","England, Scotland & Wales","All","16-64","Unknown","?","%","?","?","?","?"
"% in employment","Unknown","ONS 5+1","2013","Year","England, Scotland & Wales","All","16-64","Unknown","?","%","?","?","?","?"
"% in employment","All","ONS 5+1","2013","Year","England, Scotland & Wales","All","16-64","Unknown","55.6","%","94764","52655","60.2","51"
"% in employment","White","ONS 5+1","2013","Year","England, Scotland & Wales","All","16-64","All","75.7","%","32023363","24245388","75.9","75.5"
"% in employment","Mixed","ONS 5+1","2013","Year","England, Scotland & Wales","All","16-64","All","68.4","%","366406","250704","72.2","64.6"
"% in employment","Asian or Asian British","ONS 5+1","2013","Year","England, Scotland & Wales","All","16-64","All","64.4","%","2310883","1489250","66","62.9"
"% in employment","Black or Black British","ONS 5+1","2013","Year","England, Scotland & Wales","All","16-64","All","67.4","%","979918","660393","69.8","65"
"% in employment","Other","ONS 5+1","2013","Year","England, Scotland & Wales","All","16-64","All","64.3","%","777283","500103","67","61.7"
"% in employment","Other than White","ONS 5+1","2013","Year","England, Scotland & Wales","All","16-64","All","65.4","%","4434490","2900450","66.5","64.3"
"% in employment","Unknown","ONS 5+1","2013","Year","England, Scotland & Wales","All","16-64","All","?","%","?","?","?","?"
"% in employment","All","ONS 5+1","2013","Year","England, Scotland & Wales","All","16-64","All","74.5","%","36476601","27156935","74.7","74.2"
"% in employment","White","ONS 5+1","2014","Year","England, Scotland & Wales","Male","16-64","NQF Level 4 and above","89.8","%","5514233","4952905","90.2","89.4"
"% in employment","Mixed","ONS 5+1","2014","Year","England, Scotland & Wales","Male","16-64","NQF Level 4 and above","87.6","%","71785","62884","93.9","81.3"
"% in employment","Asian or Asian British","ONS 5+1","2014","Year","England, Scotland & Wales","Male","16-64","NQF Level 4 and above","92.4","%","552419","510207","94.1","90.6"
"% in employment","Black or Black British","ONS 5+1","2014","Year","England, Scotland & Wales","Male","16-64","NQF Level 4 and above","84","%","171248","143827","88.5","79.4"
"% in employment","Other","ONS 5+1","2014","Year","England, Scotland & Wales","Male","16-64","NQF Level 4 and above","88.3","%","178341","157430","92.1","84.4"
"% in employment","Other than White","ONS 5+1","2014","Year","England, Scotland & Wales","Male","16-64","NQF Level 4 and above","89.8","%","973793","874348","91.3","88.2"
"% in employment","Unknown","ONS 5+1","2014","Year","England, Scotland & Wales","Male","16-64","NQF Level 4 and above","?","%","?","?","?","?"
"% in employment","All","ONS 5+1","2014","Year","England, Scotland & Wales","Male","16-64","NQF Level 4 and above","89.8","%","6496933","5835242","90.2","89.5"
"% in employment","White","ONS 5+1","2014","Year","England, Scotland & Wales","Male","16-64","NQF Level 3","85.3","%","3177845","2712200.5","85.9","84.8"
"% in employment","Mixed","ONS 5+1","2014","Year","England, Scotland & Wales","Male","16-64","NQF Level 3","78.7","%","34720","27333","89.8","67.6"
"% in employment","Asian or Asian British","ONS 5+1","2014","Year","England, Scotland & Wales","Male","16-64","NQF Level 3","79.5","%","126165.5","100348.5","85.3","73.8"
"% in employment","Black or Black British","ONS 5+1","2014","Year","England, Scotland & Wales","Male","16-64","NQF Level 3","77.4","%","53883.5","41695","86.7","68.1"
"% in employment","Other","ONS 5+1","2014","Year","England, Scotland & Wales","Male","16-64","NQF Level 3","79.4","%","28834","22904.5","91.4","67.5"
"% in employment","Other than White","ONS 5+1","2014","Year","England, Scotland & Wales","Male","16-64","NQF Level 3","78.9","%","243603","192281","83.1","74.7"
"% in employment","Unknown","ONS 5+1","2014","Year","England, Scotland & Wales","Male","16-64","NQF Level 3","?","%","?","?","?","?"
"% in employment","All","ONS 5+1","2014","Year","England, Scotland & Wales","Male","16-64","NQF Level 3","84.9","%","3424883.5","2906850.5","85.4","84.3"
"% in employment","White","ONS 5+1","2014","Year","England, Scotland & Wales","Male","16-64","NQF Level 2","80.4","%","2854462","2296107.5","81.1","79.8"
"% in employment","Mixed","ONS 5+1","2014","Year","England, Scotland & Wales","Male","16-64","NQF Level 2","66.3","%","28729","19034","80.2","52.3"
"% in employment","Asian or Asian British","ONS 5+1","2014","Year","England, Scotland & Wales","Male","16-64","NQF Level 2","76","%","127853.5","97207.5","81.8","70.3"
"% in employment","Black or Black British","ONS 5+1","2014","Year","England, Scotland & Wales","Male","16-64","NQF Level 2","65.8","%","70785.5","46557","75.4","56.2"
"% in employment","Other","ONS 5+1","2014","Year","England, Scotland & Wales","Male","16-64","NQF Level 2","73.4","%","26467","19422.5","86.7","60"
"% in employment","Other than White","ONS 5+1","2014","Year","England, Scotland & Wales","Male","16-64","NQF Level 2","71.8","%","253835","182221","76.2","67.3"
"% in employment","Unknown","ONS 5+1","2014","Year","England, Scotland & Wales","Male","16-64","NQF Level 2","?","%","?","?","?","?"
"% in employment","All","ONS 5+1","2014","Year","England, Scotland & Wales","Male","16-64","NQF Level 2","79.7","%","3111579.5","2480355.5","80.4","79.1"
"% in employment","White","ONS 5+1","2014","Year","England, Scotland & Wales","Male","16-64","NQF Below Level 2","76.4","%","1914974","1463252","77.3","75.5"
"% in employment","Mixed","ONS 5+1","2014","Year","England, Scotland & Wales","Male","16-64","NQF Below Level 2","?","%","?","?","?","?"
"% in employment","Asian or Asian British","ONS 5+1","2014","Year","England, Scotland & Wales","Male","16-64","NQF Below Level 2","66.1","%","95067","62812","73.6","58.5"
"% in employment","Black or Black British","ONS 5+1","2014","Year","England, Scotland & Wales","Male","16-64","NQF Below Level 2","58.9","%","51556","30359","70.7","47.1"
"% in employment","Other","ONS 5+1","2014","Year","England, Scotland & Wales","Male","16-64","NQF Below Level 2","?","%","?","?","?","?"
"% in employment","Other than White","ONS 5+1","2014","Year","England, Scotland & Wales","Male","16-64","NQF Below Level 2","63.5","%","193832","123063","69.1","57.9"
"% in employment","Unknown","ONS 5+1","2014","Year","England, Scotland & Wales","Male","16-64","NQF Below Level 2","?","%","?","?","?","?"
"% in employment","All","ONS 5+1","2014","Year","England, Scotland & Wales","Male","16-64","NQF Below Level 2","75.2","%","2110397","1586724","76.1","74.3"
"% in employment","White","ONS 5+1","2014","Year","England, Scotland & Wales","Male","16-64","Other qualifications","81.4","%","1076908","876840","82.5","80.4"
"% in employment","Mixed","ONS 5+1","2014","Year","England, Scotland & Wales","Male","16-64","Other qualifications","?","%","?","?","?","?"
"% in employment","Asian or Asian British","ONS 5+1","2014","Year","England, Scotland & Wales","Male","16-64","Other qualifications","80.3","%","153269","123052","85.3","75.3"
"% in employment","Black or Black British","ONS 5+1","2014","Year","England, Scotland & Wales","Male","16-64","Other qualifications","77","%","53208","40991","86.8","67.3"
"% in employment","Other","ONS 5+1","2014","Year","England, Scotland & Wales","Male","16-64","Other qualifications","74.9","%","74926","56118","82.8","67"
"% in employment","Other than White","ONS 5+1","2014","Year","England, Scotland & Wales","Male","16-64","Other qualifications","78.3","%","293543","229837","82.1","74.5"
"% in employment","Unknown","ONS 5+1","2014","Year","England, Scotland & Wales","Male","16-64","Other qualifications","?","%","?","?","?","?"
"% in employment","All","ONS 5+1","2014","Year","England, Scotland & Wales","Male","16-64","Other qualifications","80.7","%","1371767","1107688","81.7","79.8"
"% in employment","White","ONS 5+1","2014","Year","England, Scotland & Wales","Male","16-64","No qualifications","49.9","%","1345777","671573","51.1","48.7"
"% in employment","Mixed","ONS 5+1","2014","Year","England, Scotland & Wales","Male","16-64","No qualifications","?","%","?","?","?","?"
"% in employment","Asian or Asian British","ONS 5+1","2014","Year","England, Scotland & Wales","Male","16-64","No qualifications","63.6","%","149892","95374","69.6","57.7"
"% in employment","Black or Black British","ONS 5+1","2014","Year","England, Scotland & Wales","Male","16-64","No qualifications","44.6","%","45549","20317","56.2","33"
"% in employment","Other","ONS 5+1","2014","Year","England, Scotland & Wales","Male","16-64","No qualifications","55.7","%","47883","26663","66.9","44.5"
"% in employment","Other than White","ONS 5+1","2014","Year","England, Scotland & Wales","Male","16-64","No qualifications","56.6","%","260035","147183","61.3","51.9"
"% in employment","Unknown","ONS 5+1","2014","Year","England, Scotland & Wales","Male","16-64","No qualifications","?","%","?","?","?","?"
"% in employment","All","ONS 5+1","2014","Year","England, Scotland & Wales","Male","16-64","No qualifications","51","%","1606829","819373","52.1","49.9"
"% in employment","White","ONS 5+1","2014","Year","England, Scotland & Wales","Male","16-64","Unknown","60.7","%","49863","30243","67.1","54.2"
"% in employment","Mixed","ONS 5+1","2014","Year","England, Scotland & Wales","Male","16-64","Unknown","?","%","?","?","?","?"
"% in employment","Asian or Asian British","ONS 5+1","2014","Year","England, Scotland & Wales","Male","16-64","Unknown","?","%","?","?","?","?"
"% in employment","Black or Black British","ONS 5+1","2014","Year","England, Scotland & Wales","Male","16-64","Unknown","?","%","?","?","?","?"
"% in employment","Other","ONS 5+1","2014","Year","England, Scotland & Wales","Male","16-64","Unknown","?","%","?","?","?","?"
"% in employment","Other than White","ONS 5+1","2014","Year","England, Scotland & Wales","Male","16-64","Unknown","?","%","?","?","?","?"
"% in employment","Unknown","ONS 5+1","2014","Year","England, Scotland & Wales","Male","16-64","Unknown","?","%","?","?","?","?"
"% in employment","All","ONS 5+1","2014","Year","England, Scotland & Wales","Male","16-64","Unknown","58.6","%","59099","34639","64.7","52.6"
"% in employment","White","ONS 5+1","2014","Year","England, Scotland & Wales","Male","16-64","All","81.6","%","15934062","13003121","81.9","81.3"
"% in employment","Mixed","ONS 5+1","2014","Year","England, Scotland & Wales","Male","16-64","All","73.9","%","187112","138338","79.1","68.8"
"% in employment","Asian or Asian British","ONS 5+1","2014","Year","England, Scotland & Wales","Male","16-64","All","82","%","1208834","991266","83.7","80.3"
"% in employment","Black or Black British","ONS 5+1","2014","Year","England, Scotland & Wales","Male","16-64","All","72.4","%","448830","324814","75.8","68.9"
"% in employment","Other","ONS 5+1","2014","Year","England, Scotland & Wales","Male","16-64","All","78","%","382674","298484","81.4","74.6"
"% in employment","Other than White","ONS 5+1","2014","Year","England, Scotland & Wales","Male","16-64","All","78.7","%","2227450","1752902","80.1","77.3"
"% in employment","Unknown","ONS 5+1","2014","Year","England, Scotland & Wales","Male","16-64","All","?","%","?","?","?","?"
"% in employment","All","ONS 5+1","2014","Year","England, Scotland & Wales","Male","16-64","All","81.2","%","18181488","14770872","81.5","81"
"% in employment","White","ONS 5+1","2014","Year","England, Scotland & Wales","Female","16-64","NQF Level 4 and above","83.2","%","6055096","5039091","83.6","82.8"
"% in employment","Mixed","ONS 5+1","2014","Year","England, Scotland & Wales","Female","16-64","NQF Level 4 and above","85.6","%","80078","68532","91.6","79.5"
"% in employment","Asian or Asian British","ONS 5+1","2014","Year","England, Scotland & Wales","Female","16-64","NQF Level 4 and above","71.4","%","496420","354215","74.4","68.3"
"% in employment","Black or Black British","ONS 5+1","2014","Year","England, Scotland & Wales","Female","16-64","NQF Level 4 and above","79.8","%","238875","190580","83.8","75.7"
"% in employment","Other","ONS 5+1","2014","Year","England, Scotland & Wales","Female","16-64","NQF Level 4 and above","67.2","%","197728","132854","72.3","62.1"
"% in employment","Other than White","ONS 5+1","2014","Year","England, Scotland & Wales","Female","16-64","NQF Level 4 and above","73.7","%","1013101","746181","75.8","71.5"
"% in employment","Unknown","ONS 5+1","2014","Year","England, Scotland & Wales","Female","16-64","NQF Level 4 and above","?","%","?","?","?","?"
"% in employment","All","ONS 5+1","2014","Year","England, Scotland & Wales","Female","16-64","NQF Level 4 and above","81.8","%","7076369","5791996","82.3","81.4"
"% in employment","White","ONS 5+1","2014","Year","England, Scotland & Wales","Female","16-64","NQF Level 3","78.7","%","2602432.5","2048699.5","79.4","78"
"% in employment","Mixed","ONS 5+1","2014","Year","England, Scotland & Wales","Female","16-64","NQF Level 3","66.6","%","40575","27021","78.5","54.7"
"% in employment","Asian or Asian British","ONS 5+1","2014","Year","England, Scotland & Wales","Female","16-64","NQF Level 3","65","%","133398.5","86718","71.4","58.6"
"% in employment","Black or Black British","ONS 5+1","2014","Year","England, Scotland & Wales","Female","16-64","NQF Level 3","69.3","%","82929","57471.5","77.5","61.1"
"% in employment","Other","ONS 5+1","2014","Year","England, Scotland & Wales","Female","16-64","NQF Level 3","55.6","%","35018","19475","68.6","42.6"
"% in employment","Other than White","ONS 5+1","2014","Year","England, Scotland & Wales","Female","16-64","NQF Level 3","65.3","%","291920.5","190685.5","69.7","60.9"
"% in employment","Unknown","ONS 5+1","2014","Year","England, Scotland & Wales","Female","16-64","NQF Level 3","?","%","?","?","?","?"
"% in employment","All","ONS 5+1","2014","Year","England, Scotland & Wales","Female","16-64","NQF Level 3","77.3","%","2898475.5","2241812","78","76.7"
"% in employment","White","ONS 5+1","2014","Year","England, Scotland & Wales","Female","16-64","NQF Level 2","69.6","%","3045266.5","2120197.5","70.3","68.9"
"% in employment","Mixed","ONS 5+1","2014","Year","England, Scotland & Wales","Female","16-64","NQF Level 2","50.5","%","32918","16609","63.8","37.1"
"% in employment","Asian or Asian British","ONS 5+1","2014","Year","England, Scotland & Wales","Female","16-64","NQF Level 2","46","%","136425.5","62823","52.4","39.7"
"% in employment","Black or Black British","ONS 5+1","2014","Year","England, Scotland & Wales","Female","16-64","NQF Level 2","64.6","%","83737","54073.5","72.8","56.4"
"% in employment","Other","ONS 5+1","2014","Year","England, Scotland & Wales","Female","16-64","NQF Level 2","54.6","%","30045","16393","68.4","40.7"
"% in employment","Other than White","ONS 5+1","2014","Year","England, Scotland & Wales","Female","16-64","NQF Level 2","52.9","%","283125.5","149898.5","57.4","48.4"
"% in employment","Unknown","ONS 5+1","2014","Year","England, Scotland & Wales","Female","16-64","NQF Level 2","?","%","?","?","?","?"
"% in employment","All","ONS 5+1","2014","Year","England, Scotland & Wales","Female","16-64","NQF Level 2","68.2","%","3332043.5","2272774","68.9","67.5"
"% in employment","White","ONS 5+1","2014","Year","England, Scotland & Wales","Female","16-64","NQF Below Level 2","61.2","%","2046428","1253113","62.2","60.3"
"% in employment","Mixed","ONS 5+1","2014","Year","England, Scotland & Wales","Female","16-64","NQF Below Level 2","?","%","?","?","?","?"
"% in employment","Asian or Asian British","ONS 5+1","2014","Year","England, Scotland & Wales","Female","16-64","NQF Below Level 2","40.2","%","100393","40371","47.5","32.9"
"% in employment","Black or Black British","ONS 5+1","2014","Year","England, Scotland & Wales","Female","16-64","NQF Below Level 2","51.3","%","57507","29499","61.7","40.9"
"% in employment","Other","ONS 5+1","2014","Year","England, Scotland & Wales","Female","16-64","NQF Below Level 2","41.1","%","24802","10200","55.8","26.5"
"% in employment","Other than White","ONS 5+1","2014","Year","England, Scotland & Wales","Female","16-64","NQF Below Level 2","43.8","%","203127","88961","49.1","38.5"
"% in employment","Unknown","ONS 5+1","2014","Year","England, Scotland & Wales","Female","16-64","NQF Below Level 2","?","%","?","?","?","?"
"% in employment","All","ONS 5+1","2014","Year","England, Scotland & Wales","Female","16-64","NQF Below Level 2","59.7","%","2251993","1343691","60.6","58.8"
"% in employment","White","ONS 5+1","2014","Year","England, Scotland & Wales","Female","16-64","Other qualifications","67.2","%","754315","506967","68.7","65.8"
"% in employment","Mixed","ONS 5+1","2014","Year","England, Scotland & Wales","Female","16-64","Other qualifications","?","%","?","?","?","?"
"% in employment","Asian or Asian British","ONS 5+1","2014","Year","England, Scotland & Wales","Female","16-64","Other qualifications","40.7","%","132507","53886","47","34.4"
"% in employment","Black or Black British","ONS 5+1","2014","Year","England, Scotland & Wales","Female","16-64","Other qualifications","56.7","%","46462","26347","68","45.4"
"% in employment","Other","ONS 5+1","2014","Year","England, Scotland & Wales","Female","16-64","Other qualifications","50.6","%","67953","34379","59.9","41.3"
"% in employment","Other than White","ONS 5+1","2014","Year","England, Scotland & Wales","Female","16-64","Other qualifications","47.3","%","255060","120592","52","42.6"
"% in employment","Unknown","ONS 5+1","2014","Year","England, Scotland & Wales","Female","16-64","Other qualifications","?","%","?","?","?","?"
"% in employment","All","ONS 5+1","2014","Year","England, Scotland & Wales","Female","16-64","Other qualifications","62.2","%","1010646","628277","63.5","60.8"
"% in employment","White","ONS 5+1","2014","Year","England, Scotland & Wales","Female","16-64","No qualifications","36.1","%","1451388","523811","37.1","35"
"% in employment","Mixed","ONS 5+1","2014","Year","England, Scotland & Wales","Female","16-64","No qualifications","?","%","?","?","?","?"
"% in employment","Asian or Asian British","ONS 5+1","2014","Year","England, Scotland & Wales","Female","16-64","No qualifications","15.3","%","176068","26930","19.2","11.4"
"% in employment","Black or Black British","ONS 5+1","2014","Year","England, Scotland & Wales","Female","16-64","No qualifications","27.8","%","57364","15933","37.1","18.5"
"% in employment","Other","ONS 5+1","2014","Year","England, Scotland & Wales","Female","16-64","No qualifications","24.6","%","54767","13477","33.1","16.1"
"% in employment","Other than White","ONS 5+1","2014","Year","England, Scotland & Wales","Female","16-64","No qualifications","19.8","%","303917","60312","23.2","16.5"
"% in employment","Unknown","ONS 5+1","2014","Year","England, Scotland & Wales","Female","16-64","No qualifications","?","%","?","?","?","?"
"% in employment","All","ONS 5+1","2014","Year","England, Scotland & Wales","Female","16-64","No qualifications","33.3","%","1758182","585811","34.3","32.4"
"% in employment","White","ONS 5+1","2014","Year","England, Scotland & Wales","Female","16-64","Unknown","46.2","%","43725","20211","53.1","39.4"
"% in employment","Mixed","ONS 5+1","2014","Year","England, Scotland & Wales","Female","16-64","Unknown","?","%","?","?","?","?"
"% in employment","Asian or Asian British","ONS 5+1","2014","Year","England, Scotland & Wales","Female","16-64","Unknown","?","%","?","?","?","?"
"% in employment","Black or Black British","ONS 5+1","2014","Year","England, Scotland & Wales","Female","16-64","Unknown","?","%","?","?","?","?"
"% in employment","Other","ONS 5+1","2014","Year","England, Scotland & Wales","Female","16-64","Unknown","?","%","?","?","?","?"
"% in employment","Other than White","ONS 5+1","2014","Year","England, Scotland & Wales","Female","16-64","Unknown","?","%","?","?","?","?"
"% in employment","Unknown","ONS 5+1","2014","Year","England, Scotland & Wales","Female","16-64","Unknown","?","%","?","?","?","?"
"% in employment","All","ONS 5+1","2014","Year","England, Scotland & Wales","Female","16-64","Unknown","42.5","%","52309","22244","48.8","36.2"
"% in employment","White","ONS 5+1","2014","Year","England, Scotland & Wales","Female","16-64","All","72","%","15998651","11512090","72.3","71.6"
"% in employment","Mixed","ONS 5+1","2014","Year","England, Scotland & Wales","Female","16-64","All","66.1","%","198315","131005","71.2","60.9"
"% in employment","Asian or Asian British","ONS 5+1","2014","Year","England, Scotland & Wales","Female","16-64","All","53.1","%","1177479","625826","55.3","51"
"% in employment","Black or Black British","ONS 5+1","2014","Year","England, Scotland & Wales","Female","16-64","All","65.8","%","569795","375054","68.9","62.7"
"% in employment","Other","ONS 5+1","2014","Year","England, Scotland & Wales","Female","16-64","All","55.1","%","411907","226778","58.8","51.3"
"% in employment","Other than White","ONS 5+1","2014","Year","England, Scotland & Wales","Female","16-64","All","57.6","%","2357496","1358663","59.2","56.1"
"% in employment","Unknown","ONS 5+1","2014","Year","England, Scotland & Wales","Female","16-64","All","?","%","?","?","?","?"
"% in employment","All","ONS 5+1","2014","Year","England, Scotland & Wales","Female","16-64","All","70.1","%","18380018","12886605","70.4","69.8"
"% in employment","White","ONS 5+1","2014","Year","England, Scotland & Wales","All","16-64","NQF Level 4 and above","86.4","%","11569329","9991996","86.7","86.1"
"% in employment","Mixed","ONS 5+1","2014","Year","England, Scotland & Wales","All","16-64","NQF Level 4 and above","86.5","%","151863","131416","90.9","82.2"
"% in employment","Asian or Asian British","ONS 5+1","2014","Year","England, Scotland & Wales","All","16-64","NQF Level 4 and above","82.4","%","1048839","864422","84.2","80.6"
"% in employment","Black or Black British","ONS 5+1","2014","Year","England, Scotland & Wales","All","16-64","NQF Level 4 and above","81.5","%","410123","334407","84.6","78.5"
"% in employment","Other","ONS 5+1","2014","Year","England, Scotland & Wales","All","16-64","NQF Level 4 and above","77.2","%","376069","290284","80.6","73.8"
"% in employment","Other than White","ONS 5+1","2014","Year","England, Scotland & Wales","All","16-64","NQF Level 4 and above","81.6","%","1986894","1620529","82.9","80.2"
"% in employment","Unknown","ONS 5+1","2014","Year","England, Scotland & Wales","All","16-64","NQF Level 4 and above","?","%","?","?","?","?"
"% in employment","All","ONS 5+1","2014","Year","England, Scotland & Wales","All","16-64","NQF Level 4 and above","85.7","%","13573302","11627238","85.9","85.4"
"% in employment","White","ONS 5+1","2014","Year","England, Scotland & Wales","All","16-64","NQF Level 3","82.4","%","5780277.5","4760900","82.8","81.9"
"% in employment","Mixed","ONS 5+1","2014","Year","England, Scotland & Wales","All","16-64","NQF Level 3","72.2","%","75295","54354","80.5","63.9"
"% in employment","Asian or Asian British","ONS 5+1","2014","Year","England, Scotland & Wales","All","16-64","NQF Level 3","72.1","%","259564","187066.5","76.4","67.7"
"% in employment","Black or Black British","ONS 5+1","2014","Year","England, Scotland & Wales","All","16-64","NQF Level 3","72.5","%","136812.5","99166.5","78.7","66.3"
"% in employment","Other","ONS 5+1","2014","Year","England, Scotland & Wales","All","16-64","NQF Level 3","66.4","%","63852","42379.5","75.6","57.1"
"% in employment","Other than White","ONS 5+1","2014","Year","England, Scotland & Wales","All","16-64","NQF Level 3","71.5","%","535523.5","382966.5","74.6","68.4"
"% in employment","Unknown","ONS 5+1","2014","Year","England, Scotland & Wales","All","16-64","NQF Level 3","?","%","?","?","?","?"
"% in employment","All","ONS 5+1","2014","Year","England, Scotland & Wales","All","16-64","NQF Level 3","81.4","%","6323359","5148662.5","81.9","81"
"% in employment","White","ONS 5+1","2014","Year","England, Scotland & Wales","All","16-64","NQF Level 2","74.9","%","5899728.5","4416305","75.4","74.4"
"% in employment","Mixed","ONS 5+1","2014","Year","England, Scotland & Wales","All","16-64","NQF Level 2","57.8","%","61647","35643","67.6","48"
"% in employment","Asian or Asian British","ONS 5+1","2014","Year","England, Scotland & Wales","All","16-64","NQF Level 2","60.6","%","264279","160030.5","65.1","56"
"% in employment","Black or Black British","ONS 5+1","2014","Year","England, Scotland & Wales","All","16-64","NQF Level 2","65.1","%","154522.5","100630.5","71.3","58.9"
"% in employment","Other","ONS 5+1","2014","Year","England, Scotland & Wales","All","16-64","NQF Level 2","63.4","%","56512","35815.5","73.2","53.5"
"% in employment","Other than White","ONS 5+1","2014","Year","England, Scotland & Wales","All","16-64","NQF Level 2","61.9","%","536960.5","332119.5","65.1","58.6"
"% in employment","Unknown","ONS 5+1","2014","Year","England, Scotland & Wales","All","16-64","NQF Level 2","?","%","?","?","?","?"
"% in employment","All","ONS 5+1","2014","Year","England, Scotland & Wales","All","16-64","NQF Level 2","73.8","%","6443623","4753129.5","74.2","73.3"
"% in employment","White","ONS 5+1","2014","Year","England, Scotland & Wales","All","16-64","NQF Below Level 2","68.6","%","3961402","2716365","69.2","67.9"
"% in employment","Mixed","ONS 5+1","2014","Year","England, Scotland & Wales","All","16-64","NQF Below Level 2","54.5","%","43057","23473","66.5","42.5"
"% in employment","Asian or Asian British","ONS 5+1","2014","Year","England, Scotland & Wales","All","16-64","NQF Below Level 2","52.8","%","195460","103183","58.2","47.4"
"% in employment","Black or Black British","ONS 5+1","2014","Year","England, Scotland & Wales","All","16-64","NQF Below Level 2","54.9","%","109063","59858","62.7","47"
"% in employment","Other","ONS 5+1","2014","Year","England, Scotland & Wales","All","16-64","NQF Below Level 2","51.7","%","49379","25510","62.8","40.6"
"% in employment","Other than White","ONS 5+1","2014","Year","England, Scotland & Wales","All","16-64","NQF Below Level 2","53.4","%","396959","212024","57.3","49.5"
"% in employment","Unknown","ONS 5+1","2014","Year","England, Scotland & Wales","All","16-64","NQF Below Level 2","?","%","?","?","?","?"
"% in employment","All","ONS 5+1","2014","Year","England, Scotland & Wales","All","16-64","NQF Below Level 2","67.2","%","4362390","2930415","67.8","66.5"
"% in employment","White","ONS 5+1","2014","Year","England, Scotland & Wales","All","16-64","Other qualifications","75.6","%","1831223","1383807","76.4","74.7"
"% in employment","Mixed","ONS 5+1","2014","Year","England, Scotland & Wales","All","16-64","Other qualifications","?","%","?","?","?","?"
"% in employment","Asian or Asian British","ONS 5+1","2014","Year","England, Scotland & Wales","All","16-64","Other qualifications","61.9","%","285776","176938","66.3","57.6"
"% in employment","Black or Black British","ONS 5+1","2014","Year","England, Scotland & Wales","All","16-64","Other qualifications","67.6","%","99670","67338","75.2","60"
"% in employment","Other","ONS 5+1","2014","Year","England, Scotland & Wales","All","16-64","Other qualifications","63.3","%","142879","90497","69.6","57.1"
"% in employment","Other than White","ONS 5+1","2014","Year","England, Scotland & Wales","All","16-64","Other qualifications","63.9","%","548603","350429","67","60.7"
"% in employment","Unknown","ONS 5+1","2014","Year","England, Scotland & Wales","All","16-64","Other qualifications","?","%","?","?","?","?"
"% in employment","All","ONS 5+1","2014","Year","England, Scotland & Wales","All","16-64","Other qualifications","72.9","%","2382413","1735965","73.7","72.1"
"% in employment","White","ONS 5+1","2014","Year","England, Scotland & Wales","All","16-64","No qualifications","42.7","%","2797165","1195384","43.5","41.9"
"% in employment","Mixed","ONS 5+1","2014","Year","England, Scotland & Wales","All","16-64","No qualifications","27.1","%","32429","8801","39.1","15.1"
"% in employment","Asian or Asian British","ONS 5+1","2014","Year","England, Scotland & Wales","All","16-64","No qualifications","37.5","%","325960","122304","41.5","33.6"
"% in employment","Black or Black British","ONS 5+1","2014","Year","England, Scotland & Wales","All","16-64","No qualifications","35.2","%","102913","36250","42.6","27.8"
"% in employment","Other","ONS 5+1","2014","Year","England, Scotland & Wales","All","16-64","No qualifications","39.1","%","102650","40140","46.4","31.9"
"% in employment","Other than White","ONS 5+1","2014","Year","England, Scotland & Wales","All","16-64","No qualifications","36.8","%","563952","207495","39.8","33.8"
"% in employment","Unknown","ONS 5+1","2014","Year","England, Scotland & Wales","All","16-64","No qualifications","?","%","?","?","?","?"
"% in employment","All","ONS 5+1","2014","Year","England, Scotland & Wales","All","16-64","No qualifications","41.8","%","3365011","1405184","42.5","41"
"% in employment","White","ONS 5+1","2014","Year","England, Scotland & Wales","All","16-64","Unknown","53.9","%","93588","50454","58.7","49.2"
"% in employment","Mixed","ONS 5+1","2014","Year","England, Scotland & Wales","All","16-64","Unknown","?","%","?","?","?","?"
"% in employment","Asian or Asian British","ONS 5+1","2014","Year","England, Scotland & Wales","All","16-64","Unknown","?","%","?","?","?","?"
"% in employment","Black or Black British","ONS 5+1","2014","Year","England, Scotland & Wales","All","16-64","Unknown","?","%","?","?","?","?"
"% in employment","Other","ONS 5+1","2014","Year","England, Scotland & Wales","All","16-64","Unknown","?","%","?","?","?","?"
"% in employment","Other than White","ONS 5+1","2014","Year","England, Scotland & Wales","All","16-64","Unknown","?","%","?","?","?","?"
"% in employment","Unknown","ONS 5+1","2014","Year","England, Scotland & Wales","All","16-64","Unknown","?","%","?","?","?","?"
"% in employment","All","ONS 5+1","2014","Year","England, Scotland & Wales","All","16-64","Unknown","51.1","%","111408","56883","55.5","46.6"
"% in employment","White","ONS 5+1","2014","Year","England, Scotland & Wales","All","16-64","All","76.8","%","31932713","24515211","77","76.6"
"% in employment","Mixed","ONS 5+1","2014","Year","England, Scotland & Wales","All","16-64","All","69.9","%","385427","269343","73.6","66.2"
"% in employment","Asian or Asian British","ONS 5+1","2014","Year","England, Scotland & Wales","All","16-64","All","67.8","%","2386313","1617092","69.2","66.3"
"% in employment","Black or Black British","ONS 5+1","2014","Year","England, Scotland & Wales","All","16-64","All","68.7","%","1018625","699868","71","66.4"
"% in employment","Other","ONS 5+1","2014","Year","England, Scotland & Wales","All","16-64","All","66.1","%","794581","525262","68.7","63.5"
"% in employment","Other than White","ONS 5+1","2014","Year","England, Scotland & Wales","All","16-64","All","67.9","%","4584946","3111565","68.9","66.8"
"% in employment","Unknown","ONS 5+1","2014","Year","England, Scotland & Wales","All","16-64","All","70","%","43847","30701","80.7","59.4"
"% in employment","All","ONS 5+1","2014","Year","England, Scotland & Wales","All","16-64","All","75.6","%","36561506","27657477","75.8","75.4"
"% in employment","White","ONS 5+1","2015","Year","England, Scotland & Wales","Male","16-64","NQF Level 4 and above","90.2","%","5658917","5103959","90.6","89.8"
"% in employment","Mixed","ONS 5+1","2015","Year","England, Scotland & Wales","Male","16-64","NQF Level 4 and above","92.4","%","63046","58238","97.8","87"
"% in employment","Asian or Asian British","ONS 5+1","2015","Year","England, Scotland & Wales","Male","16-64","NQF Level 4 and above","91.8","%","566849","520572","93.7","90"
"% in employment","Black or Black British","ONS 5+1","2015","Year","England, Scotland & Wales","Male","16-64","NQF Level 4 and above","88.4","%","209504","185109","92.1","84.7"
"% in employment","Other","ONS 5+1","2015","Year","England, Scotland & Wales","Male","16-64","NQF Level 4 and above","84.5","%","195663","165357","88.9","80.1"
"% in employment","Other than White","ONS 5+1","2015","Year","England, Scotland & Wales","Male","16-64","NQF Level 4 and above","89.8","%","1035062","929276","91.3","88.2"
"% in employment","Unknown","ONS 5+1","2015","Year","England, Scotland & Wales","Male","16-64","NQF Level 4 and above","?","%","?","?","?","?"
"% in employment","All","ONS 5+1","2015","Year","England, Scotland & Wales","Male","16-64","NQF Level 4 and above","90.1","%","6703097","6041021","90.5","89.8"
"% in employment","White","ONS 5+1","2015","Year","England, Scotland & Wales","Male","16-64","NQF Level 3","85.9","%","3146887.5","2704197","86.5","85.4"
"% in employment","Mixed","ONS 5+1","2015","Year","England, Scotland & Wales","Male","16-64","NQF Level 3","79","%","29364","23184","91.3","66.6"
"% in employment","Asian or Asian British","ONS 5+1","2015","Year","England, Scotland & Wales","Male","16-64","NQF Level 3","79.9","%","118168","94391","85.8","74"
"% in employment","Black or Black British","ONS 5+1","2015","Year","England, Scotland & Wales","Male","16-64","NQF Level 3","76.8","%","65277","50149.5","86","67.7"
"% in employment","Other","ONS 5+1","2015","Year","England, Scotland & Wales","Male","16-64","NQF Level 3","83.9","%","30404.5","25505.5","94.8","72.9"
"% in employment","Other than White","ONS 5+1","2015","Year","England, Scotland & Wales","Male","16-64","NQF Level 3","79.4","%","243213.5","193230","83.7","75.2"
"% in employment","Unknown","ONS 5+1","2015","Year","England, Scotland & Wales","Male","16-64","NQF Level 3","?","%","?","?","?","?"
"% in employment","All","ONS 5+1","2015","Year","England, Scotland & Wales","Male","16-64","NQF Level 3","85.4","%","3394441","2900470.5","86","84.9"
"% in employment","White","ONS 5+1","2015","Year","England, Scotland & Wales","Male","16-64","NQF Level 2","81.2","%","2813453.5","2285900","81.9","80.6"
"% in employment","Mixed","ONS 5+1","2015","Year","England, Scotland & Wales","Male","16-64","NQF Level 2","63.4","%","30978","19647","77.9","48.9"
"% in employment","Asian or Asian British","ONS 5+1","2015","Year","England, Scotland & Wales","Male","16-64","NQF Level 2","72","%","119088","85766","78.5","65.6"
"% in employment","Black or Black British","ONS 5+1","2015","Year","England, Scotland & Wales","Male","16-64","NQF Level 2","63.9","%","62589","39992.5","73.9","53.9"
"% in employment","Other","ONS 5+1","2015","Year","England, Scotland & Wales","Male","16-64","NQF Level 2","?","%","?","?","?","?"
"% in employment","Other than White","ONS 5+1","2015","Year","England, Scotland & Wales","Male","16-64","NQF Level 2","69.4","%","237141.5","164614","74.2","64.6"
"% in employment","Unknown","ONS 5+1","2015","Year","England, Scotland & Wales","Male","16-64","NQF Level 2","?","%","?","?","?","?"
"% in employment","All","ONS 5+1","2015","Year","England, Scotland & Wales","Male","16-64","NQF Level 2","80.3","%","3052475","2451672.5","81","79.7"
"% in employment","White","ONS 5+1","2015","Year","England, Scotland & Wales","Male","16-64","NQF Below Level 2","78.8","%","1842041","1451543","79.7","77.9"
"% in employment","Mixed","ONS 5+1","2015","Year","England, Scotland & Wales","Male","16-64","NQF Below Level 2","?","%","?","?","?","?"
"% in employment","Asian or Asian British","ONS 5+1","2015","Year","England, Scotland & Wales","Male","16-64","NQF Below Level 2","72.3","%","103193","74624","79.4","65.2"
"% in employment","Black or Black British","ONS 5+1","2015","Year","England, Scotland & Wales","Male","16-64","NQF Below Level 2","65.4","%","47263","30910","77.1","53.7"
"% in employment","Other","ONS 5+1","2015","Year","England, Scotland & Wales","Male","16-64","NQF Below Level 2","?","%","?","?","?","?"
"% in employment","Other than White","ONS 5+1","2015","Year","England, Scotland & Wales","Male","16-64","NQF Below Level 2","68.6","%","192079","131690","74","63.1"
"% in employment","Unknown","ONS 5+1","2015","Year","England, Scotland & Wales","Male","16-64","NQF Below Level 2","?","%","?","?","?","?"
"% in employment","All","ONS 5+1","2015","Year","England, Scotland & Wales","Male","16-64","NQF Below Level 2","77.8","%","2035654","1584142","78.7","77"
"% in employment","White","ONS 5+1","2015","Year","England, Scotland & Wales","Male","16-64","Other qualifications","83.2","%","1126392","937617","84.3","82.2"
"% in employment","Mixed","ONS 5+1","2015","Year","England, Scotland & Wales","Male","16-64","Other qualifications","?","%","?","?","?","?"
"% in employment","Asian or Asian British","ONS 5+1","2015","Year","England, Scotland & Wales","Male","16-64","Other qualifications","82.4","%","170951","140818","87","77.7"
"% in employment","Black or Black British","ONS 5+1","2015","Year","England, Scotland & Wales","Male","16-64","Other qualifications","74.5","%","55493","41361","84","65.1"
"% in employment","Other","ONS 5+1","2015","Year","England, Scotland & Wales","Male","16-64","Other qualifications","73.4","%","67216","49363","82.2","64.7"
"% in employment","Other than White","ONS 5+1","2015","Year","England, Scotland & Wales","Male","16-64","Other qualifications","78.8","%","306145","241158","82.5","75"
"% in employment","Unknown","ONS 5+1","2015","Year","England, Scotland & Wales","Male","16-64","Other qualifications","?","%","?","?","?","?"
"% in employment","All","ONS 5+1","2015","Year","England, Scotland & Wales","Male","16-64","Other qualifications","82.3","%","1434350","1180346","83.2","81.4"
"% in employment","White","ONS 5+1","2015","Year","England, Scotland & Wales","Male","16-64","No qualifications","52.8","%","1340368","708207","54","51.6"
"% in employment","Mixed","ONS 5+1","2015","Year","England, Scotland & Wales","Male","16-64","No qualifications","?","%","?","?","?","?"
"% in employment","Asian or Asian British","ONS 5+1","2015","Year","England, Scotland & Wales","Male","16-64","No qualifications","62.5","%","145561","90973","68.5","56.4"
"% in employment","Black or Black British","ONS 5+1","2015","Year","England, Scotland & Wales","Male","16-64","No qualifications","46.8","%","46848","21923","58.7","34.9"
"% in employment","Other","ONS 5+1","2015","Year","England, Scotland & Wales","Male","16-64","No qualifications","61.7","%","55626","34348","72.7","50.8"
"% in employment","Other than White","ONS 5+1","2015","Year","England, Scotland & Wales","Male","16-64","No qualifications","58.2","%","263613","153343","62.9","53.4"
"% in employment","Unknown","ONS 5+1","2015","Year","England, Scotland & Wales","Male","16-64","No qualifications","?","%","?","?","?","?"
"% in employment","All","ONS 5+1","2015","Year","England, Scotland & Wales","Male","16-64","No qualifications","53.7","%","1605593","862274","54.8","52.6"
"% in employment","White","ONS 5+1","2015","Year","England, Scotland & Wales","Male","16-64","Unknown","72.4","%","56023","40566","78.1","66.7"
"% in employment","Mixed","ONS 5+1","2015","Year","England, Scotland & Wales","Male","16-64","Unknown","?","%","?","?","?","?"
"% in employment","Asian or Asian British","ONS 5+1","2015","Year","England, Scotland & Wales","Male","16-64","Unknown","?","%","?","?","?","?"
"% in employment","Black or Black British","ONS 5+1","2015","Year","England, Scotland & Wales","Male","16-64","Unknown","?","%","?","?","?","?"
"% in employment","Other","ONS 5+1","2015","Year","England, Scotland & Wales","Male","16-64","Unknown","?","%","?","?","?","?"
"% in employment","Other than White","ONS 5+1","2015","Year","England, Scotland & Wales","Male","16-64","Unknown","?","%","?","?","?","?"
"% in employment","Unknown","ONS 5+1","2015","Year","England, Scotland & Wales","Male","16-64","Unknown","?","%","?","?","?","?"
"% in employment","All","ONS 5+1","2015","Year","England, Scotland & Wales","Male","16-64","Unknown","65.9","%","68318","44997","71.4","60.3"
"% in employment","White","ONS 5+1","2015","Year","England, Scotland & Wales","Male","16-64","All","82.8","%","15984082","13231989","83.1","82.5"
"% in employment","Mixed","ONS 5+1","2015","Year","England, Scotland & Wales","Male","16-64","All","74.9","%","170500","127665","80.2","69.5"
"% in employment","Asian or Asian British","ONS 5+1","2015","Year","England, Scotland & Wales","Male","16-64","All","82.2","%","1228063","1009642","84","80.5"
"% in employment","Black or Black British","ONS 5+1","2015","Year","England, Scotland & Wales","Male","16-64","All","75.9","%","488887","370952","79.1","72.7"
"% in employment","Other","ONS 5+1","2015","Year","England, Scotland & Wales","Male","16-64","All","77.7","%","397722","309106","81.2","74.3"
"% in employment","Other than White","ONS 5+1","2015","Year","England, Scotland & Wales","Male","16-64","All","79.5","%","2285172","1817365","80.9","78.2"
"% in employment","Unknown","ONS 5+1","2015","Year","England, Scotland & Wales","Male","16-64","All","?","%","?","?","?","?"
"% in employment","All","ONS 5+1","2015","Year","England, Scotland & Wales","Male","16-64","All","82.3","%","18293928","15064923","82.6","82.1"
"% in employment","White","ONS 5+1","2015","Year","England, Scotland & Wales","Female","16-64","NQF Level 4 and above","84","%","6279971","5277071","84.4","83.6"
"% in employment","Mixed","ONS 5+1","2015","Year","England, Scotland & Wales","Female","16-64","NQF Level 4 and above","83.7","%","95575","80025","89.8","77.7"
"% in employment","Asian or Asian British","ONS 5+1","2015","Year","England, Scotland & Wales","Female","16-64","NQF Level 4 and above","71.4","%","517294","369093","74.4","68.3"
"% in employment","Black or Black British","ONS 5+1","2015","Year","England, Scotland & Wales","Female","16-64","NQF Level 4 and above","81.6","%","273369","222962","85.4","77.8"
"% in employment","Other","ONS 5+1","2015","Year","England, Scotland & Wales","Female","16-64","NQF Level 4 and above","69.6","%","203685","141743","74.7","64.5"
"% in employment","Other than White","ONS 5+1","2015","Year","England, Scotland & Wales","Female","16-64","NQF Level 4 and above","74.7","%","1089923","813823","76.7","72.6"
"% in employment","Unknown","ONS 5+1","2015","Year","England, Scotland & Wales","Female","16-64","NQF Level 4 and above","?","%","?","?","?","?"
"% in employment","All","ONS 5+1","2015","Year","England, Scotland & Wales","Female","16-64","NQF Level 4 and above","82.7","%","7379691","6100008","83.1","82.3"
"% in employment","White","ONS 5+1","2015","Year","England, Scotland & Wales","Female","16-64","NQF Level 3","78.6","%","2585312","2032606","79.3","77.9"
"% in employment","Mixed","ONS 5+1","2015","Year","England, Scotland & Wales","Female","16-64","NQF Level 3","77.4","%","31396.5","24301","89.3","65.5"
"% in employment","Asian or Asian British","ONS 5+1","2015","Year","England, Scotland & Wales","Female","16-64","NQF Level 3","62.5","%","124485.5","77860.5","69.1","56"
"% in employment","Black or Black British","ONS 5+1","2015","Year","England, Scotland & Wales","Female","16-64","NQF Level 3","69.6","%","90925.5","63251.5","77.5","61.6"
"% in employment","Other","ONS 5+1","2015","Year","England, Scotland & Wales","Female","16-64","NQF Level 3","63.8","%","36155.5","23058.5","76.5","51"
"% in employment","Other than White","ONS 5+1","2015","Year","England, Scotland & Wales","Female","16-64","NQF Level 3","66.6","%","282963","188471.5","71","62.2"
"% in employment","Unknown","ONS 5+1","2015","Year","England, Scotland & Wales","Female","16-64","NQF Level 3","?","%","?","?","?","?"
"% in employment","All","ONS 5+1","2015","Year","England, Scotland & Wales","Female","16-64","NQF Level 3","77.4","%","2870464.5","2221800.5","78.1","76.7"
"% in employment","White","ONS 5+1","2015","Year","England, Scotland & Wales","Female","16-64","NQF Level 2","70.7","%","2971755","2099957","71.4","69.9"
"% in employment","Mixed","ONS 5+1","2015","Year","England, Scotland & Wales","Female","16-64","NQF Level 2","61.1","%","35133.5","21483","73.4","48.9"
"% in employment","Asian or Asian British","ONS 5+1","2015","Year","England, Scotland & Wales","Female","16-64","NQF Level 2","45.4","%","118732.5","53896.5","52.2","38.6"
"% in employment","Black or Black British","ONS 5+1","2015","Year","England, Scotland & Wales","Female","16-64","NQF Level 2","63.9","%","85662.5","54726.5","72.2","55.6"
"% in employment","Other","ONS 5+1","2015","Year","England, Scotland & Wales","Female","16-64","NQF Level 2","54.9","%","27655.5","15185.5","70","39.8"
"% in employment","Other than White","ONS 5+1","2015","Year","England, Scotland & Wales","Female","16-64","NQF Level 2","54.4","%","267184","145291.5","59","49.7"
"% in employment","Unknown","ONS 5+1","2015","Year","England, Scotland & Wales","Female","16-64","NQF Level 2","?","%","?","?","?","?"
"% in employment","All","ONS 5+1","2015","Year","England, Scotland & Wales","Female","16-64","NQF Level 2","69.3","%","3242538.5","2247722.5","70","68.6"
"% in employment","White","ONS 5+1","2015","Year","England, Scotland & Wales","Female","16-64","NQF Below Level 2","61.9","%","1991443","1233359","62.9","61"
"% in employment","Mixed","ONS 5+1","2015","Year","England, Scotland & Wales","Female","16-64","NQF Below Level 2","?","%","?","?","?","?"
"% in employment","Asian or Asian British","ONS 5+1","2015","Year","England, Scotland & Wales","Female","16-64","NQF Below Level 2","35.4","%","97044","34320","42.7","28.1"
"% in employment","Black or Black British","ONS 5+1","2015","Year","England, Scotland & Wales","Female","16-64","NQF Below Level 2","52.4","%","58359","30591","63.1","41.7"
"% in employment","Other","ONS 5+1","2015","Year","England, Scotland & Wales","Female","16-64","NQF Below Level 2","37.1","%","26882","9970","51.2","23"
"% in employment","Other than White","ONS 5+1","2015","Year","England, Scotland & Wales","Female","16-64","NQF Below Level 2","41.8","%","203119","84920","47.2","36.5"
"% in employment","Unknown","ONS 5+1","2015","Year","England, Scotland & Wales","Female","16-64","NQF Below Level 2","?","%","?","?","?","?"
"% in employment","All","ONS 5+1","2015","Year","England, Scotland & Wales","Female","16-64","NQF Below Level 2","60.1","%","2195733","1319450","61","59.2"
"% in employment","White","ONS 5+1","2015","Year","England, Scotland & Wales","Female","16-64","Other qualifications","66.7","%","787720","525169","68.1","65.2"
"% in employment","Mixed","ONS 5+1","2015","Year","England, Scotland & Wales","Female","16-64","Other qualifications","?","%","?","?","?","?"
"% in employment","Asian or Asian British","ONS 5+1","2015","Year","England, Scotland & Wales","Female","16-64","Other qualifications","44.8","%","143497","64302","51","38.6"
"% in employment","Black or Black British","ONS 5+1","2015","Year","England, Scotland & Wales","Female","16-64","Other qualifications","55.8","%","61514","34325","66","45.6"
"% in employment","Other","ONS 5+1","2015","Year","England, Scotland & Wales","Female","16-64","Other qualifications","50.8","%","64589","32820","60.6","41"
"% in employment","Other than White","ONS 5+1","2015","Year","England, Scotland & Wales","Female","16-64","Other qualifications","49.5","%","279541","138430","54.1","44.9"
"% in employment","Unknown","ONS 5+1","2015","Year","England, Scotland & Wales","Female","16-64","Other qualifications","?","%","?","?","?","?"
"% in employment","All","ONS 5+1","2015","Year","England, Scotland & Wales","Female","16-64","Other qualifications","62.2","%","1069090","665013","63.5","60.9"
"% in employment","White","ONS 5+1","2015","Year","England, Scotland & Wales","Female","16-64","No qualifications","36.9","%","1382069","510609","38","35.9"
"% in employment","Mixed","ONS 5+1","2015","Year","England, Scotland & Wales","Female","16-64","No qualifications","?","%","?","?","?","?"
"% in employment","Asian or Asian British","ONS 5+1","2015","Year","England, Scotland & Wales","Female","16-64","No qualifications","20.4","%","189856","38796","24.7","16.2"
"% in employment","Black or Black British","ONS 5+1","2015","Year","England, Scotland & Wales","Female","16-64","No qualifications","41","%","56832","23286","51.2","30.7"
"% in employment","Other","ONS 5+1","2015","Year","England, Scotland & Wales","Female","16-64","No qualifications","26.8","%","56586","15145","35.9","17.6"
"% in employment","Other than White","ONS 5+1","2015","Year","England, Scotland & Wales","Female","16-64","No qualifications","25.6","%","315218","80546","29.2","21.9"
"% in employment","Unknown","ONS 5+1","2015","Year","England, Scotland & Wales","Female","16-64","No qualifications","?","%","?","?","?","?"
"% in employment","All","ONS 5+1","2015","Year","England, Scotland & Wales","Female","16-64","No qualifications","34.9","%","1698943","592529","35.9","33.9"
"% in employment","White","ONS 5+1","2015","Year","England, Scotland & Wales","Female","16-64","Unknown","53.4","%","37808","20194","60.7","46.1"
"% in employment","Mixed","ONS 5+1","2015","Year","England, Scotland & Wales","Female","16-64","Unknown","?","%","?","?","?","?"
"% in employment","Asian or Asian British","ONS 5+1","2015","Year","England, Scotland & Wales","Female","16-64","Unknown","?","%","?","?","?","?"
"% in employment","Black or Black British","ONS 5+1","2015","Year","England, Scotland & Wales","Female","16-64","Unknown","?","%","?","?","?","?"
"% in employment","Other","ONS 5+1","2015","Year","England, Scotland & Wales","Female","16-64","Unknown","?","%","?","?","?","?"
"% in employment","Other than White","ONS 5+1","2015","Year","England, Scotland & Wales","Female","16-64","Unknown","?","%","?","?","?","?"
"% in employment","Unknown","ONS 5+1","2015","Year","England, Scotland & Wales","Female","16-64","Unknown","?","%","?","?","?","?"
"% in employment","All","ONS 5+1","2015","Year","England, Scotland & Wales","Female","16-64","Unknown","49.7","%","51228","25470","56.1","43.3"
"% in employment","White","ONS 5+1","2015","Year","England, Scotland & Wales","Female","16-64","All","73","%","16036078","11698965","73.3","72.6"
"% in employment","Mixed","ONS 5+1","2015","Year","England, Scotland & Wales","Female","16-64","All","70.9","%","206746","146485","75.8","65.9"
"% in employment","Asian or Asian British","ONS 5+1","2015","Year","England, Scotland & Wales","Female","16-64","All","53.6","%","1194979","640692","55.8","51.4"
"% in employment","Black or Black British","ONS 5+1","2015","Year","England, Scotland & Wales","Female","16-64","All","68.4","%","629302","430551","71.4","65.4"
"% in employment","Other","ONS 5+1","2015","Year","England, Scotland & Wales","Female","16-64","All","57.2","%","417454","238928","61","53.4"
"% in employment","Other than White","ONS 5+1","2015","Year","England, Scotland & Wales","Female","16-64","All","59.5","%","2448481","1456656","61","58"
"% in employment","Unknown","ONS 5+1","2015","Year","England, Scotland & Wales","Female","16-64","All","?","%","?","?","?","?"
"% in employment","All","ONS 5+1","2015","Year","England, Scotland & Wales","Female","16-64","All","71.2","%","18507688","13171993","71.5","70.9"
"% in employment","White","ONS 5+1","2015","Year","England, Scotland & Wales","All","16-64","NQF Level 4 and above","87","%","11938888","10381030","87.2","86.7"
"% in employment","Mixed","ONS 5+1","2015","Year","England, Scotland & Wales","All","16-64","NQF Level 4 and above","87.2","%","158621","138263","91.4","82.9"
"% in employment","Asian or Asian British","ONS 5+1","2015","Year","England, Scotland & Wales","All","16-64","NQF Level 4 and above","82.1","%","1084143","889665","83.9","80.2"
"% in employment","Black or Black British","ONS 5+1","2015","Year","England, Scotland & Wales","All","16-64","NQF Level 4 and above","84.5","%","482873","408071","87.2","81.8"
"% in employment","Other","ONS 5+1","2015","Year","England, Scotland & Wales","All","16-64","NQF Level 4 and above","76.9","%","399348","307100","80.3","73.5"
"% in employment","Other than White","ONS 5+1","2015","Year","England, Scotland & Wales","All","16-64","NQF Level 4 and above","82","%","2124985","1743099","83.4","80.7"
"% in employment","Unknown","ONS 5+1","2015","Year","England, Scotland & Wales","All","16-64","NQF Level 4 and above","?","%","?","?","?","?"
"% in employment","All","ONS 5+1","2015","Year","England, Scotland & Wales","All","16-64","NQF Level 4 and above","86.2","%","14082788","12141029","86.5","85.9"
"% in employment","White","ONS 5+1","2015","Year","England, Scotland & Wales","All","16-64","NQF Level 3","82.6","%","5732199.5","4736803","83.1","82.2"
"% in employment","Mixed","ONS 5+1","2015","Year","England, Scotland & Wales","All","16-64","NQF Level 3","78.2","%","60760.5","47485","86.7","69.6"
"% in employment","Asian or Asian British","ONS 5+1","2015","Year","England, Scotland & Wales","All","16-64","NQF Level 3","71","%","242653.5","172251.5","75.5","66.5"
"% in employment","Black or Black British","ONS 5+1","2015","Year","England, Scotland & Wales","All","16-64","NQF Level 3","72.6","%","156202.5","113401","78.6","66.6"
"% in employment","Other","ONS 5+1","2015","Year","England, Scotland & Wales","All","16-64","NQF Level 3","73","%","66560","48564","81.8","64.2"
"% in employment","Other than White","ONS 5+1","2015","Year","England, Scotland & Wales","All","16-64","NQF Level 3","72.5","%","526176.5","381701.5","75.7","69.4"
"% in employment","Unknown","ONS 5+1","2015","Year","England, Scotland & Wales","All","16-64","NQF Level 3","?","%","?","?","?","?"
"% in employment","All","ONS 5+1","2015","Year","England, Scotland & Wales","All","16-64","NQF Level 3","81.8","%","6264905.5","5122271","82.2","81.3"
"% in employment","White","ONS 5+1","2015","Year","England, Scotland & Wales","All","16-64","NQF Level 2","75.8","%","5785208.5","4385857","76.3","75.3"
"% in employment","Mixed","ONS 5+1","2015","Year","England, Scotland & Wales","All","16-64","NQF Level 2","62.2","%","66111.5","41130","71.6","52.9"
"% in employment","Asian or Asian British","ONS 5+1","2015","Year","England, Scotland & Wales","All","16-64","NQF Level 2","58.7","%","237820.5","139662.5","63.6","53.9"
"% in employment","Black or Black British","ONS 5+1","2015","Year","England, Scotland & Wales","All","16-64","NQF Level 2","63.9","%","148251.5","94719","70.3","57.5"
"% in employment","Other","ONS 5+1","2015","Year","England, Scotland & Wales","All","16-64","NQF Level 2","66","%","52142","34394","76.3","55.6"
"% in employment","Other than White","ONS 5+1","2015","Year","England, Scotland & Wales","All","16-64","NQF Level 2","61.4","%","504325.5","309905.5","64.8","58.1"
"% in employment","Unknown","ONS 5+1","2015","Year","England, Scotland & Wales","All","16-64","NQF Level 2","?","%","?","?","?","?"
"% in employment","All","ONS 5+1","2015","Year","England, Scotland & Wales","All","16-64","NQF Level 2","74.7","%","6295013.5","4699395","75.1","74.2"
"% in employment","White","ONS 5+1","2015","Year","England, Scotland & Wales","All","16-64","NQF Below Level 2","70","%","3833484","2684902","70.7","69.4"
"% in employment","Mixed","ONS 5+1","2015","Year","England, Scotland & Wales","All","16-64","NQF Below Level 2","53.3","%","39258","20920","66","40.5"
"% in employment","Asian or Asian British","ONS 5+1","2015","Year","England, Scotland & Wales","All","16-64","NQF Below Level 2","54.4","%","200237","108944","59.9","48.9"
"% in employment","Black or Black British","ONS 5+1","2015","Year","England, Scotland & Wales","All","16-64","NQF Below Level 2","58.2","%","105622","61501","66.2","50.3"
"% in employment","Other","ONS 5+1","2015","Year","England, Scotland & Wales","All","16-64","NQF Below Level 2","50.4","%","50081","25245","61.3","39.5"
"% in employment","Other than White","ONS 5+1","2015","Year","England, Scotland & Wales","All","16-64","NQF Below Level 2","54.8","%","395198","216610","58.8","50.9"
"% in employment","Unknown","ONS 5+1","2015","Year","England, Scotland & Wales","All","16-64","NQF Below Level 2","?","%","?","?","?","?"
"% in employment","All","ONS 5+1","2015","Year","England, Scotland & Wales","All","16-64","NQF Below Level 2","68.6","%","4231387","2903592","69.3","68"
"% in employment","White","ONS 5+1","2015","Year","England, Scotland & Wales","All","16-64","Other qualifications","76.4","%","1914112","1462786","77.3","75.6"
"% in employment","Mixed","ONS 5+1","2015","Year","England, Scotland & Wales","All","16-64","Other qualifications","?","%","?","?","?","?"
"% in employment","Asian or Asian British","ONS 5+1","2015","Year","England, Scotland & Wales","All","16-64","Other qualifications","65.2","%","314448","205120","69.4","61.1"
"% in employment","Black or Black British","ONS 5+1","2015","Year","England, Scotland & Wales","All","16-64","Other qualifications","64.7","%","117007","75686","71.8","57.6"
"% in employment","Other","ONS 5+1","2015","Year","England, Scotland & Wales","All","16-64","Other qualifications","62.4","%","131805","82183","69.1","55.6"
"% in employment","Other than White","ONS 5+1","2015","Year","England, Scotland & Wales","All","16-64","Other qualifications","64.8","%","585686","379588","67.9","61.7"
"% in employment","Unknown","ONS 5+1","2015","Year","England, Scotland & Wales","All","16-64","Other qualifications","?","%","?","?","?","?"
"% in employment","All","ONS 5+1","2015","Year","England, Scotland & Wales","All","16-64","Other qualifications","73.7","%","2503440","1845359","74.5","72.9"
"% in employment","White","ONS 5+1","2015","Year","England, Scotland & Wales","All","16-64","No qualifications","44.8","%","2722437","1218816","45.6","43.9"
"% in employment","Mixed","ONS 5+1","2015","Year","England, Scotland & Wales","All","16-64","No qualifications","34.2","%","27522","9418","48.3","20.1"
"% in employment","Asian or Asian British","ONS 5+1","2015","Year","England, Scotland & Wales","All","16-64","No qualifications","38.7","%","335417","129769","42.6","34.8"
"% in employment","Black or Black British","ONS 5+1","2015","Year","England, Scotland & Wales","All","16-64","No qualifications","43.6","%","103680","45209","51.4","35.8"
"% in employment","Other","ONS 5+1","2015","Year","England, Scotland & Wales","All","16-64","No qualifications","44.1","%","112212","49493","51.7","36.6"
"% in employment","Other than White","ONS 5+1","2015","Year","England, Scotland & Wales","All","16-64","No qualifications","40.4","%","578831","233889","43.5","37.3"
"% in employment","Unknown","ONS 5+1","2015","Year","England, Scotland & Wales","All","16-64","No qualifications","?","%","?","?","?","?"
"% in employment","All","ONS 5+1","2015","Year","England, Scotland & Wales","All","16-64","No qualifications","44","%","3304536","1454803","44.8","43.3"
"% in employment","White","ONS 5+1","2015","Year","England, Scotland & Wales","All","16-64","Unknown","64.8","%","93831","60760","69.3","60.2"
"% in employment","Mixed","ONS 5+1","2015","Year","England, Scotland & Wales","All","16-64","Unknown","?","%","?","?","?","?"
"% in employment","Asian or Asian British","ONS 5+1","2015","Year","England, Scotland & Wales","All","16-64","Unknown","?","%","?","?","?","?"
"% in employment","Black or Black British","ONS 5+1","2015","Year","England, Scotland & Wales","All","16-64","Unknown","?","%","?","?","?","?"
"% in employment","Other","ONS 5+1","2015","Year","England, Scotland & Wales","All","16-64","Unknown","?","%","?","?","?","?"
"% in employment","Other than White","ONS 5+1","2015","Year","England, Scotland & Wales","All","16-64","Unknown","?","%","?","?","?","?"
"% in employment","Unknown","ONS 5+1","2015","Year","England, Scotland & Wales","All","16-64","Unknown","?","%","?","?","?","?"
"% in employment","All","ONS 5+1","2015","Year","England, Scotland & Wales","All","16-64","Unknown","58.9","%","119546","70467","63.2","54.7"
"% in employment","White","ONS 5+1","2015","Year","England, Scotland & Wales","All","16-64","All","77.9","%","32020160","24930954","78.1","77.7"
"% in employment","Mixed","ONS 5+1","2015","Year","England, Scotland & Wales","All","16-64","All","72.7","%","377246","274150","76.3","69"
"% in employment","Asian or Asian British","ONS 5+1","2015","Year","England, Scotland & Wales","All","16-64","All","68.1","%","2423042","1650334","69.6","66.6"
"% in employment","Black or Black British","ONS 5+1","2015","Year","England, Scotland & Wales","All","16-64","All","71.7","%","1118189","801503","73.9","69.5"
"% in employment","Other","ONS 5+1","2015","Year","England, Scotland & Wales","All","16-64","All","67.2","%","815176","548034","69.9","64.6"
"% in employment","Other than White","ONS 5+1","2015","Year","England, Scotland & Wales","All","16-64","All","69.2","%","4733653","3274021","70.2","68.1"
"% in employment","Unknown","ONS 5+1","2015","Year","England, Scotland & Wales","All","16-64","All","66.8","%","47803","31941","78.4","55.3"
"% in employment","All","ONS 5+1","2015","Year","England, Scotland & Wales","All","16-64","All","76.7","%","36801616","28236916","76.9","76.5"
"% in employment","White","ONS 5+1","2016","Year","England, Scotland & Wales","Male","16-64","NQF Level 4 and above","90.1","%","5861493","5279962","90.5","89.7"
"% in employment","Mixed","ONS 5+1","2016","Year","England, Scotland & Wales","Male","16-64","NQF Level 4 and above","88.1","%","77168","68007","94.8","81.4"
"% in employment","Asian or Asian British","ONS 5+1","2016","Year","England, Scotland & Wales","Male","16-64","NQF Level 4 and above","91.5","%","626712","573242","93.3","89.6"
"% in employment","Black or Black British","ONS 5+1","2016","Year","England, Scotland & Wales","Male","16-64","NQF Level 4 and above","88.7","%","216205","191774","92.4","85"
"% in employment","Other","ONS 5+1","2016","Year","England, Scotland & Wales","Male","16-64","NQF Level 4 and above","85.9","%","219887","188842","90","81.8"
"% in employment","Other than White","ONS 5+1","2016","Year","England, Scotland & Wales","Male","16-64","NQF Level 4 and above","89.6","%","1139972","1021865","91.2","88.1"
"% in employment","Unknown","ONS 5+1","2016","Year","England, Scotland & Wales","Male","16-64","NQF Level 4 and above","?","%","?","?","?","?"
"% in employment","All","ONS 5+1","2016","Year","England, Scotland & Wales","Male","16-64","NQF Level 4 and above","90","%","7007667","6307422","90.4","89.6"
"% in employment","White","ONS 5+1","2016","Year","England, Scotland & Wales","Male","16-64","NQF Level 3","86.1","%","3127266","2693655.5","86.7","85.5"
"% in employment","Mixed","ONS 5+1","2016","Year","England, Scotland & Wales","Male","16-64","NQF Level 3","81.5","%","32861.5","26766.5","93.3","69.6"
"% in employment","Asian or Asian British","ONS 5+1","2016","Year","England, Scotland & Wales","Male","16-64","NQF Level 3","77.6","%","115867.5","89870.5","84","71.1"
"% in employment","Black or Black British","ONS 5+1","2016","Year","England, Scotland & Wales","Male","16-64","NQF Level 3","84.7","%","64407","54548","92.5","76.9"
"% in employment","Other","ONS 5+1","2016","Year","England, Scotland & Wales","Male","16-64","NQF Level 3","79.9","%","34205","27331","92","67.8"
"% in employment","Other than White","ONS 5+1","2016","Year","England, Scotland & Wales","Male","16-64","NQF Level 3","80.3","%","247341","198516","84.6","75.9"
"% in employment","Unknown","ONS 5+1","2016","Year","England, Scotland & Wales","Male","16-64","NQF Level 3","?","%","?","?","?","?"
"% in employment","All","ONS 5+1","2016","Year","England, Scotland & Wales","Male","16-64","NQF Level 3","85.7","%","3376287","2893778.5","86.3","85.1"
"% in employment","White","ONS 5+1","2016","Year","England, Scotland & Wales","Male","16-64","NQF Level 2","80.8","%","2722905","2200254.5","81.5","80.1"
"% in employment","Mixed","ONS 5+1","2016","Year","England, Scotland & Wales","Male","16-64","NQF Level 2","69.3","%","39221.5","27190.5","82.1","56.6"
"% in employment","Asian or Asian British","ONS 5+1","2016","Year","England, Scotland & Wales","Male","16-64","NQF Level 2","76.1","%","120505.5","91652.5","82.4","69.7"
"% in employment","Black or Black British","ONS 5+1","2016","Year","England, Scotland & Wales","Male","16-64","NQF Level 2","66.8","%","64522","43099","77.1","56.5"
"% in employment","Other","ONS 5+1","2016","Year","England, Scotland & Wales","Male","16-64","NQF Level 2","70","%","32529","22756","83.8","56.2"
"% in employment","Other than White","ONS 5+1","2016","Year","England, Scotland & Wales","Male","16-64","NQF Level 2","71.9","%","256778","184698","76.7","67.2"
"% in employment","Unknown","ONS 5+1","2016","Year","England, Scotland & Wales","Male","16-64","NQF Level 2","?","%","?","?","?","?"
"% in employment","All","ONS 5+1","2016","Year","England, Scotland & Wales","Male","16-64","NQF Level 2","80","%","2981335","2386470.5","80.8","79.3"
"% in employment","White","ONS 5+1","2016","Year","England, Scotland & Wales","Male","16-64","NQF Below Level 2","78.4","%","1818836","1426234","79.3","77.5"
"% in employment","Mixed","ONS 5+1","2016","Year","England, Scotland & Wales","Male","16-64","NQF Below Level 2","?","%","?","?","?","?"
"% in employment","Asian or Asian British","ONS 5+1","2016","Year","England, Scotland & Wales","Male","16-64","NQF Below Level 2","78.4","%","104104","81665","85","71.9"
"% in employment","Black or Black British","ONS 5+1","2016","Year","England, Scotland & Wales","Male","16-64","NQF Below Level 2","66.8","%","50575","33770","78.3","55.2"
"% in employment","Other","ONS 5+1","2016","Year","England, Scotland & Wales","Male","16-64","NQF Below Level 2","?","%","?","?","?","?"
"% in employment","Other than White","ONS 5+1","2016","Year","England, Scotland & Wales","Male","16-64","NQF Below Level 2","72","%","194933","140353","77.4","66.6"
"% in employment","Unknown","ONS 5+1","2016","Year","England, Scotland & Wales","Male","16-64","NQF Below Level 2","?","%","?","?","?","?"
"% in employment","All","ONS 5+1","2016","Year","England, Scotland & Wales","Male","16-64","NQF Below Level 2","77.8","%","2014186","1567004","78.7","76.9"
"% in employment","White","ONS 5+1","2016","Year","England, Scotland & Wales","Male","16-64","Other qualifications","83.6","%","1146274","957961","84.6","82.5"
"% in employment","Mixed","ONS 5+1","2016","Year","England, Scotland & Wales","Male","16-64","Other qualifications","?","%","?","?","?","?"
"% in employment","Asian or Asian British","ONS 5+1","2016","Year","England, Scotland & Wales","Male","16-64","Other qualifications","82.4","%","182190","150092","87","77.7"
"% in employment","Black or Black British","ONS 5+1","2016","Year","England, Scotland & Wales","Male","16-64","Other qualifications","78.4","%","59637","46757","87.2","69.6"
"% in employment","Other","ONS 5+1","2016","Year","England, Scotland & Wales","Male","16-64","Other qualifications","77.9","%","70464","54901","86.2","69.6"
"% in employment","Other than White","ONS 5+1","2016","Year","England, Scotland & Wales","Male","16-64","Other qualifications","80.4","%","323286","259973","84.1","76.8"
"% in employment","Unknown","ONS 5+1","2016","Year","England, Scotland & Wales","Male","16-64","Other qualifications","?","%","?","?","?","?"
"% in employment","All","ONS 5+1","2016","Year","England, Scotland & Wales","Male","16-64","Other qualifications","82.8","%","1472768","1219563","83.8","81.9"
"% in employment","White","ONS 5+1","2016","Year","England, Scotland & Wales","Male","16-64","No qualifications","53","%","1273172","674479","54.3","51.7"
"% in employment","Mixed","ONS 5+1","2016","Year","England, Scotland & Wales","Male","16-64","No qualifications","?","%","?","?","?","?"
"% in employment","Asian or Asian British","ONS 5+1","2016","Year","England, Scotland & Wales","Male","16-64","No qualifications","60.6","%","149835","90821","66.9","54.3"
"% in employment","Black or Black British","ONS 5+1","2016","Year","England, Scotland & Wales","Male","16-64","No qualifications","40","%","47384","18965","52","28.1"
"% in employment","Other","ONS 5+1","2016","Year","England, Scotland & Wales","Male","16-64","No qualifications","61.9","%","50247","31127","73.6","50.3"
"% in employment","Other than White","ONS 5+1","2016","Year","England, Scotland & Wales","Male","16-64","No qualifications","55.7","%","264148","147112","60.6","50.7"
"% in employment","Unknown","ONS 5+1","2016","Year","England, Scotland & Wales","Male","16-64","No qualifications","?","%","?","?","?","?"
"% in employment","All","ONS 5+1","2016","Year","England, Scotland & Wales","Male","16-64","No qualifications","53.4","%","1538568","822226","54.6","52.3"
"% in employment","White","ONS 5+1","2016","Year","England, Scotland & Wales","Male","16-64","Unknown","65.3","%","49588","32405","72.1","58.6"
"% in employment","Mixed","ONS 5+1","2016","Year","England, Scotland & Wales","Male","16-64","Unknown","?","%","?","?","?","?"
"% in employment","Asian or Asian British","ONS 5+1","2016","Year","England, Scotland & Wales","Male","16-64","Unknown","?","%","?","?","?","?"
"% in employment","Black or Black British","ONS 5+1","2016","Year","England, Scotland & Wales","Male","16-64","Unknown","?","%","?","?","?","?"
"% in employment","Other","ONS 5+1","2016","Year","England, Scotland & Wales","Male","16-64","Unknown","?","%","?","?","?","?"
"% in employment","Other than White","ONS 5+1","2016","Year","England, Scotland & Wales","Male","16-64","Unknown","?","%","?","?","?","?"
"% in employment","Unknown","ONS 5+1","2016","Year","England, Scotland & Wales","Male","16-64","Unknown","?","%","?","?","?","?"
"% in employment","All","ONS 5+1","2016","Year","England, Scotland & Wales","Male","16-64","Unknown","62.7","%","61692","38681","68.9","56.5"
"% in employment","White","ONS 5+1","2016","Year","England, Scotland & Wales","Male","16-64","All","82.9","%","15999534","13264951","83.2","82.6"
"% in employment","Mixed","ONS 5+1","2016","Year","England, Scotland & Wales","Male","16-64","All","75.3","%","197153","148494","80.7","69.9"
"% in employment","Asian or Asian British","ONS 5+1","2016","Year","England, Scotland & Wales","Male","16-64","All","82.8","%","1305635","1081547","84.6","81.1"
"% in employment","Black or Black British","ONS 5+1","2016","Year","England, Scotland & Wales","Male","16-64","All","77.3","%","504067","389620","80.5","74.1"
"% in employment","Other","ONS 5+1","2016","Year","England, Scotland & Wales","Male","16-64","All","79","%","429234","338978","82.4","75.6"
"% in employment","Other than White","ONS 5+1","2016","Year","England, Scotland & Wales","Male","16-64","All","80.4","%","2436089","1958639","81.8","79"
"% in employment","Unknown","ONS 5+1","2016","Year","England, Scotland & Wales","Male","16-64","All","?","%","?","?","?","?"
"% in employment","All","ONS 5+1","2016","Year","England, Scotland & Wales","Male","16-64","All","82.6","%","18452503","15235145","82.8","82.3"
"% in employment","White","ONS 5+1","2016","Year","England, Scotland & Wales","Female","16-64","NQF Level 4 and above","83.9","%","6432873","5396119","84.3","83.5"
"% in employment","Mixed","ONS 5+1","2016","Year","England, Scotland & Wales","Female","16-64","NQF Level 4 and above","80.8","%","108429","87644","87.3","74.4"
"% in employment","Asian or Asian British","ONS 5+1","2016","Year","England, Scotland & Wales","Female","16-64","NQF Level 4 and above","71.8","%","554926","398398","74.8","68.7"
"% in employment","Black or Black British","ONS 5+1","2016","Year","England, Scotland & Wales","Female","16-64","NQF Level 4 and above","82.3","%","289393","238195","86.1","78.5"
"% in employment","Other","ONS 5+1","2016","Year","England, Scotland & Wales","Female","16-64","NQF Level 4 and above","68.3","%","229702","156998","73.5","63.2"
"% in employment","Other than White","ONS 5+1","2016","Year","England, Scotland & Wales","Female","16-64","NQF Level 4 and above","74.5","%","1182450","881235","76.6","72.4"
"% in employment","Unknown","ONS 5+1","2016","Year","England, Scotland & Wales","Female","16-64","NQF Level 4 and above","?","%","?","?","?","?"
"% in employment","All","ONS 5+1","2016","Year","England, Scotland & Wales","Female","16-64","NQF Level 4 and above","82.4","%","7620156","6281023","82.8","82"
"% in employment","White","ONS 5+1","2016","Year","England, Scotland & Wales","Female","16-64","NQF Level 3","78.9","%","2604787.5","2054243","79.6","78.1"
"% in employment","Mixed","ONS 5+1","2016","Year","England, Scotland & Wales","Female","16-64","NQF Level 3","74.2","%","35956","26691.5","86.2","62.2"
"% in employment","Asian or Asian British","ONS 5+1","2016","Year","England, Scotland & Wales","Female","16-64","NQF Level 3","59.1","%","135139","79922","65.9","52.4"
"% in employment","Black or Black British","ONS 5+1","2016","Year","England, Scotland & Wales","Female","16-64","NQF Level 3","68.2","%","92176.5","62884","76.7","59.7"
"% in employment","Other","ONS 5+1","2016","Year","England, Scotland & Wales","Female","16-64","NQF Level 3","61.6","%","34740.5","21415.5","75.5","47.8"
"% in employment","Other than White","ONS 5+1","2016","Year","England, Scotland & Wales","Female","16-64","NQF Level 3","64.1","%","298012","190913","68.7","59.5"
"% in employment","Unknown","ONS 5+1","2016","Year","England, Scotland & Wales","Female","16-64","NQF Level 3","?","%","?","?","?","?"
"% in employment","All","ONS 5+1","2016","Year","England, Scotland & Wales","Female","16-64","NQF Level 3","77.3","%","2905559.5","2247166","78.1","76.6"
"% in employment","White","ONS 5+1","2016","Year","England, Scotland & Wales","Female","16-64","NQF Level 2","70.3","%","2946701.5","2070291","71","69.5"
"% in employment","Mixed","ONS 5+1","2016","Year","England, Scotland & Wales","Female","16-64","NQF Level 2","53.1","%","40554","21523.5","65.7","40.5"
"% in employment","Asian or Asian British","ONS 5+1","2016","Year","England, Scotland & Wales","Female","16-64","NQF Level 2","52.2","%","125918","65779","59.2","45.3"
"% in employment","Black or Black British","ONS 5+1","2016","Year","England, Scotland & Wales","Female","16-64","NQF Level 2","62.3","%","96767.5","60293","70.9","53.7"
"% in employment","Other","ONS 5+1","2016","Year","England, Scotland & Wales","Female","16-64","NQF Level 2","48.9","%","29774.5","14570.5","63","34.9"
"% in employment","Other than White","ONS 5+1","2016","Year","England, Scotland & Wales","Female","16-64","NQF Level 2","55.3","%","293014","162166","60.1","50.6"
"% in employment","Unknown","ONS 5+1","2016","Year","England, Scotland & Wales","Female","16-64","NQF Level 2","?","%","?","?","?","?"
"% in employment","All","ONS 5+1","2016","Year","England, Scotland & Wales","Female","16-64","NQF Level 2","68.9","%","3241561.5","2233681","69.7","68.2"
"% in employment","White","ONS 5+1","2016","Year","England, Scotland & Wales","Female","16-64","NQF Below Level 2","62.1","%","1904293","1182222","63.1","61.1"
"% in employment","Mixed","ONS 5+1","2016","Year","England, Scotland & Wales","Female","16-64","NQF Below Level 2","?","%","?","?","?","?"
"% in employment","Asian or Asian British","ONS 5+1","2016","Year","England, Scotland & Wales","Female","16-64","NQF Below Level 2","36.3","%","102572","37184","43.6","28.9"
"% in employment","Black or Black British","ONS 5+1","2016","Year","England, Scotland & Wales","Female","16-64","NQF Below Level 2","50.6","%","53610","27128","61.8","39.4"
"% in employment","Other","ONS 5+1","2016","Year","England, Scotland & Wales","Female","16-64","NQF Below Level 2","39.4","%","29015","11428","53.8","25"
"% in employment","Other than White","ONS 5+1","2016","Year","England, Scotland & Wales","Female","16-64","NQF Below Level 2","41.9","%","209666","87825","47.3","36.5"
"% in employment","Unknown","ONS 5+1","2016","Year","England, Scotland & Wales","Female","16-64","NQF Below Level 2","?","%","?","?","?","?"
"% in employment","All","ONS 5+1","2016","Year","England, Scotland & Wales","Female","16-64","NQF Below Level 2","60.1","%","2115587","1271370","61.1","59.1"
"% in employment","White","ONS 5+1","2016","Year","England, Scotland & Wales","Female","16-64","Other qualifications","69.7","%","801652","558756","71.2","68.2"
"% in employment","Mixed","ONS 5+1","2016","Year","England, Scotland & Wales","Female","16-64","Other qualifications","?","%","?","?","?","?"
"% in employment","Asian or Asian British","ONS 5+1","2016","Year","England, Scotland & Wales","Female","16-64","Other qualifications","41.8","%","157269","65777","47.8","35.8"
"% in employment","Black or Black British","ONS 5+1","2016","Year","England, Scotland & Wales","Female","16-64","Other qualifications","54.8","%","52362","28715","65.8","43.9"
"% in employment","Other","ONS 5+1","2016","Year","England, Scotland & Wales","Female","16-64","Other qualifications","59.7","%","62145","37115","69.5","50"
"% in employment","Other than White","ONS 5+1","2016","Year","England, Scotland & Wales","Female","16-64","Other qualifications","48.1","%","280487","134949","52.7","43.5"
"% in employment","Unknown","ONS 5+1","2016","Year","England, Scotland & Wales","Female","16-64","Other qualifications","?","%","?","?","?","?"
"% in employment","All","ONS 5+1","2016","Year","England, Scotland & Wales","Female","16-64","Other qualifications","64.1","%","1083807","694770","65.5","62.8"
"% in employment","White","ONS 5+1","2016","Year","England, Scotland & Wales","Female","16-64","No qualifications","37.4","%","1266414","473531","38.6","36.2"
"% in employment","Mixed","ONS 5+1","2016","Year","England, Scotland & Wales","Female","16-64","No qualifications","?","%","?","?","?","?"
"% in employment","Asian or Asian British","ONS 5+1","2016","Year","England, Scotland & Wales","Female","16-64","No qualifications","20","%","177178","35490","24.5","15.5"
"% in employment","Black or Black British","ONS 5+1","2016","Year","England, Scotland & Wales","Female","16-64","No qualifications","44.8","%","48466","21708","56.1","33.5"
"% in employment","Other","ONS 5+1","2016","Year","England, Scotland & Wales","Female","16-64","No qualifications","29","%","53865","15611","38.7","19.2"
"% in employment","Other than White","ONS 5+1","2016","Year","England, Scotland & Wales","Female","16-64","No qualifications","26.8","%","295749","79292","30.8","22.9"
"% in employment","Unknown","ONS 5+1","2016","Year","England, Scotland & Wales","Female","16-64","No qualifications","?","%","?","?","?","?"
"% in employment","All","ONS 5+1","2016","Year","England, Scotland & Wales","Female","16-64","No qualifications","35.4","%","1562531","552823","36.4","34.3"
"% in employment","White","ONS 5+1","2016","Year","England, Scotland & Wales","Female","16-64","Unknown","50.4","%","35646","17955","58.3","42.4"
"% in employment","Mixed","ONS 5+1","2016","Year","England, Scotland & Wales","Female","16-64","Unknown","?","%","?","?","?","?"
"% in employment","Asian or Asian British","ONS 5+1","2016","Year","England, Scotland & Wales","Female","16-64","Unknown","?","%","?","?","?","?"
"% in employment","Black or Black British","ONS 5+1","2016","Year","England, Scotland & Wales","Female","16-64","Unknown","?","%","?","?","?","?"
"% in employment","Other","ONS 5+1","2016","Year","England, Scotland & Wales","Female","16-64","Unknown","?","%","?","?","?","?"
"% in employment","Other than White","ONS 5+1","2016","Year","England, Scotland & Wales","Female","16-64","Unknown","?","%","?","?","?","?"
"% in employment","Unknown","ONS 5+1","2016","Year","England, Scotland & Wales","Female","16-64","Unknown","?","%","?","?","?","?"
"% in employment","All","ONS 5+1","2016","Year","England, Scotland & Wales","Female","16-64","Unknown","46.2","%","43552","20142","53.5","39"
"% in employment","White","ONS 5+1","2016","Year","England, Scotland & Wales","Female","16-64","All","73.5","%","15992367","11753117","73.8","73.2"
"% in employment","Mixed","ONS 5+1","2016","Year","England, Scotland & Wales","Female","16-64","All","67.3","%","235123","158179","72.3","62.2"
"% in employment","Asian or Asian British","ONS 5+1","2016","Year","England, Scotland & Wales","Female","16-64","All","54.4","%","1256768","683590","56.6","52.2"
"% in employment","Black or Black British","ONS 5+1","2016","Year","England, Scotland & Wales","Female","16-64","All","69.3","%","633702","439241","72.4","66.2"
"% in employment","Other","ONS 5+1","2016","Year","England, Scotland & Wales","Female","16-64","All","58.6","%","439661","257557","62.4","54.8"
"% in employment","Other than White","ONS 5+1","2016","Year","England, Scotland & Wales","Female","16-64","All","60","%","2565254","1538567","61.5","58.4"
"% in employment","Unknown","ONS 5+1","2016","Year","England, Scotland & Wales","Female","16-64","All","?","%","?","?","?","?"
"% in employment","All","ONS 5+1","2016","Year","England, Scotland & Wales","Female","16-64","All","71.6","%","18572754","13300975","71.9","71.3"
"% in employment","White","ONS 5+1","2016","Year","England, Scotland & Wales","All","16-64","NQF Level 4 and above","86.8","%","12294366","10676081","87.1","86.5"
"% in employment","Mixed","ONS 5+1","2016","Year","England, Scotland & Wales","All","16-64","NQF Level 4 and above","83.9","%","185597","155651","88.6","79.1"
"% in employment","Asian or Asian British","ONS 5+1","2016","Year","England, Scotland & Wales","All","16-64","NQF Level 4 and above","82.2","%","1181638","971640","84.1","80.4"
"% in employment","Black or Black British","ONS 5+1","2016","Year","England, Scotland & Wales","All","16-64","NQF Level 4 and above","85","%","505598","429969","87.8","82.3"
"% in employment","Other","ONS 5+1","2016","Year","England, Scotland & Wales","All","16-64","NQF Level 4 and above","76.9","%","449589","345840","80.3","73.5"
"% in employment","Other than White","ONS 5+1","2016","Year","England, Scotland & Wales","All","16-64","NQF Level 4 and above","81.9","%","2322422","1903100","83.3","80.6"
"% in employment","Unknown","ONS 5+1","2016","Year","England, Scotland & Wales","All","16-64","NQF Level 4 and above","?","%","?","?","?","?"
"% in employment","All","ONS 5+1","2016","Year","England, Scotland & Wales","All","16-64","NQF Level 4 and above","86.1","%","14627823","12588445","86.3","85.8"
"% in employment","White","ONS 5+1","2016","Year","England, Scotland & Wales","All","16-64","NQF Level 3","82.8","%","5732053.5","4747898.5","83.3","82.4"
"% in employment","Mixed","ONS 5+1","2016","Year","England, Scotland & Wales","All","16-64","NQF Level 3","77.7","%","68817.5","53458","86.2","69.2"
"% in employment","Asian or Asian British","ONS 5+1","2016","Year","England, Scotland & Wales","All","16-64","NQF Level 3","67.6","%","251006.5","169792.5","72.5","62.8"
"% in employment","Black or Black British","ONS 5+1","2016","Year","England, Scotland & Wales","All","16-64","NQF Level 3","75","%","156583.5","117432","81","68.9"
"% in employment","Other","ONS 5+1","2016","Year","England, Scotland & Wales","All","16-64","NQF Level 3","70.7","%","68945.5","48746.5","80.1","61.3"
"% in employment","Other than White","ONS 5+1","2016","Year","England, Scotland & Wales","All","16-64","NQF Level 3","71.4","%","545353","389429","74.7","68.2"
"% in employment","Unknown","ONS 5+1","2016","Year","England, Scotland & Wales","All","16-64","NQF Level 3","?","%","?","?","?","?"
"% in employment","All","ONS 5+1","2016","Year","England, Scotland & Wales","All","16-64","NQF Level 3","81.8","%","6281846.5","5140944.5","82.3","81.4"
"% in employment","White","ONS 5+1","2016","Year","England, Scotland & Wales","All","16-64","NQF Level 2","75.3","%","5669606.5","4270545.5","75.9","74.8"
"% in employment","Mixed","ONS 5+1","2016","Year","England, Scotland & Wales","All","16-64","NQF Level 2","61.1","%","79775.5","48714","70.2","52"
"% in employment","Asian or Asian British","ONS 5+1","2016","Year","England, Scotland & Wales","All","16-64","NQF Level 2","63.9","%","246423.5","157431.5","68.8","59"
"% in employment","Black or Black British","ONS 5+1","2016","Year","England, Scotland & Wales","All","16-64","NQF Level 2","64.1","%","161289.5","103392","70.7","57.5"
"% in employment","Other","ONS 5+1","2016","Year","England, Scotland & Wales","All","16-64","NQF Level 2","59.9","%","62303.5","37326.5","70","49.8"
"% in employment","Other than White","ONS 5+1","2016","Year","England, Scotland & Wales","All","16-64","NQF Level 2","63.1","%","549792","346864","66.5","59.7"
"% in employment","Unknown","ONS 5+1","2016","Year","England, Scotland & Wales","All","16-64","NQF Level 2","?","%","?","?","?","?"
"% in employment","All","ONS 5+1","2016","Year","England, Scotland & Wales","All","16-64","NQF Level 2","74.2","%","6222896.5","4620151.5","74.8","73.7"
"% in employment","White","ONS 5+1","2016","Year","England, Scotland & Wales","All","16-64","NQF Below Level 2","70.1","%","3723129","2608456","70.8","69.4"
"% in employment","Mixed","ONS 5+1","2016","Year","England, Scotland & Wales","All","16-64","NQF Below Level 2","54","%","44231","23888","66.6","41.4"
"% in employment","Asian or Asian British","ONS 5+1","2016","Year","England, Scotland & Wales","All","16-64","NQF Below Level 2","57.5","%","206676","118849","63","52"
"% in employment","Black or Black British","ONS 5+1","2016","Year","England, Scotland & Wales","All","16-64","NQF Below Level 2","58.5","%","104185","60898","66.6","50.3"
"% in employment","Other","ONS 5+1","2016","Year","England, Scotland & Wales","All","16-64","NQF Below Level 2","49.6","%","49507","24543","60.9","38.3"
"% in employment","Other than White","ONS 5+1","2016","Year","England, Scotland & Wales","All","16-64","NQF Below Level 2","56.4","%","404599","228178","60.4","52.4"
"% in employment","Unknown","ONS 5+1","2016","Year","England, Scotland & Wales","All","16-64","NQF Below Level 2","?","%","?","?","?","?"
"% in employment","All","ONS 5+1","2016","Year","England, Scotland & Wales","All","16-64","NQF Below Level 2","68.7","%","4129773","2838374","69.4","68"
"% in employment","White","ONS 5+1","2016","Year","England, Scotland & Wales","All","16-64","Other qualifications","77.9","%","1947926","1516717","78.7","77"
"% in employment","Mixed","ONS 5+1","2016","Year","England, Scotland & Wales","All","16-64","Other qualifications","?","%","?","?","?","?"
"% in employment","Asian or Asian British","ONS 5+1","2016","Year","England, Scotland & Wales","All","16-64","Other qualifications","63.6","%","339459","215869","67.7","59.4"
"% in employment","Black or Black British","ONS 5+1","2016","Year","England, Scotland & Wales","All","16-64","Other qualifications","67.4","%","111999","75472","74.6","60.2"
"% in employment","Other","ONS 5+1","2016","Year","England, Scotland & Wales","All","16-64","Other qualifications","69.4","%","132609","92016","75.9","62.9"
"% in employment","Other than White","ONS 5+1","2016","Year","England, Scotland & Wales","All","16-64","Other qualifications","65.4","%","603773","394922","68.5","62.3"
"% in employment","Unknown","ONS 5+1","2016","Year","England, Scotland & Wales","All","16-64","Other qualifications","?","%","?","?","?","?"
"% in employment","All","ONS 5+1","2016","Year","England, Scotland & Wales","All","16-64","Other qualifications","74.9","%","2556575","1914333","75.7","74.1"
"% in employment","White","ONS 5+1","2016","Year","England, Scotland & Wales","All","16-64","No qualifications","45.2","%","2539586","1148010","46.1","44.3"
"% in employment","Mixed","ONS 5+1","2016","Year","England, Scotland & Wales","All","16-64","No qualifications","38.5","%","32922","12682","52.3","24.8"
"% in employment","Asian or Asian British","ONS 5+1","2016","Year","England, Scotland & Wales","All","16-64","No qualifications","38.6","%","327013","126311","42.8","34.5"
"% in employment","Black or Black British","ONS 5+1","2016","Year","England, Scotland & Wales","All","16-64","No qualifications","42.4","%","95850","40673","50.6","34.2"
"% in employment","Other","ONS 5+1","2016","Year","England, Scotland & Wales","All","16-64","No qualifications","44.9","%","104112","46738","52.8","36.9"
"% in employment","Other than White","ONS 5+1","2016","Year","England, Scotland & Wales","All","16-64","No qualifications","40.4","%","559897","226404","43.7","37.2"
"% in employment","Unknown","ONS 5+1","2016","Year","England, Scotland & Wales","All","16-64","No qualifications","?","%","?","?","?","?"
"% in employment","All","ONS 5+1","2016","Year","England, Scotland & Wales","All","16-64","No qualifications","44.3","%","3101099","1375049","45.2","43.5"
"% in employment","White","ONS 5+1","2016","Year","England, Scotland & Wales","All","16-64","Unknown","59.1","%","85234","50360","64.3","53.9"
"% in employment","Mixed","ONS 5+1","2016","Year","England, Scotland & Wales","All","16-64","Unknown","?","%","?","?","?","?"
"% in employment","Asian or Asian British","ONS 5+1","2016","Year","England, Scotland & Wales","All","16-64","Unknown","?","%","?","?","?","?"
"% in employment","Black or Black British","ONS 5+1","2016","Year","England, Scotland & Wales","All","16-64","Unknown","?","%","?","?","?","?"
"% in employment","Other","ONS 5+1","2016","Year","England, Scotland & Wales","All","16-64","Unknown","?","%","?","?","?","?"
"% in employment","Other than White","ONS 5+1","2016","Year","England, Scotland & Wales","All","16-64","Unknown","?","%","?","?","?","?"
"% in employment","Unknown","ONS 5+1","2016","Year","England, Scotland & Wales","All","16-64","Unknown","?","%","?","?","?","?"
"% in employment","All","ONS 5+1","2016","Year","England, Scotland & Wales","All","16-64","Unknown","55.9","%","105244","58823","60.7","51.1"
"% in employment","White","ONS 5+1","2016","Year","England, Scotland & Wales","All","16-64","All","78.2","%","31991901","25018068","78.4","78"
"% in employment","Mixed","ONS 5+1","2016","Year","England, Scotland & Wales","All","16-64","All","70.9","%","432276","306673","74.7","67.2"
"% in employment","Asian or Asian British","ONS 5+1","2016","Year","England, Scotland & Wales","All","16-64","All","68.9","%","2562403","1765137","70.4","67.4"
"% in employment","Black or Black British","ONS 5+1","2016","Year","England, Scotland & Wales","All","16-64","All","72.8","%","1137769","828861","75.1","70.6"
"% in employment","Other","ONS 5+1","2016","Year","England, Scotland & Wales","All","16-64","All","68.7","%","868895","596535","71.3","66"
"% in employment","Other than White","ONS 5+1","2016","Year","England, Scotland & Wales","All","16-64","All","69.9","%","5001343","3497206","71","68.9"
"% in employment","Unknown","ONS 5+1","2016","Year","England, Scotland & Wales","All","16-64","All","65.1","%","32013","20846","79","51.3"
"% in employment","All","ONS 5+1","2016","Year","England, Scotland & Wales","All","16-64","All","77.1","%","37025257","28536120","77.3","76.9"
"% in employment","White","ONS 5+1","2017","Year","England, Scotland & Wales","Male","16-64","NQF Level 4 and above","90","%","5866945","5278176","90.4","89.6"
"% in employment","Mixed","ONS 5+1","2017","Year","England, Scotland & Wales","Male","16-64","NQF Level 4 and above","86.2","%","86629","74640","92.9","79.4"
"% in employment","Asian or Asian British","ONS 5+1","2017","Year","England, Scotland & Wales","Male","16-64","NQF Level 4 and above","91.3","%","607683","554796","93.2","89.4"
"% in employment","Black or Black British","ONS 5+1","2017","Year","England, Scotland & Wales","Male","16-64","NQF Level 4 and above","90.3","%","226914","204842","93.7","86.9"
"% in employment","Other","ONS 5+1","2017","Year","England, Scotland & Wales","Male","16-64","NQF Level 4 and above","85.2","%","209597","178627","89.6","80.8"
"% in employment","Other than White","ONS 5+1","2017","Year","England, Scotland & Wales","Male","16-64","NQF Level 4 and above","89.6","%","1130823","1012905","91.1","88"
"% in employment","Unknown","ONS 5+1","2017","Year","England, Scotland & Wales","Male","16-64","NQF Level 4 and above","?","%","?","?","?","?"
"% in employment","All","ONS 5+1","2017","Year","England, Scotland & Wales","Male","16-64","NQF Level 4 and above","89.9","%","7003163","6295794","90.3","89.5"
"% in employment","White","ONS 5+1","2017","Year","England, Scotland & Wales","Male","16-64","NQF Level 3","86.6","%","3119932","2701757","87.2","86"
"% in employment","Mixed","ONS 5+1","2017","Year","England, Scotland & Wales","Male","16-64","NQF Level 3","83.8","%","36473.5","30578","94.6","73"
"% in employment","Asian or Asian British","ONS 5+1","2017","Year","England, Scotland & Wales","Male","16-64","NQF Level 3","80.2","%","128699","103158.5","86.2","74.1"
"% in employment","Black or Black British","ONS 5+1","2017","Year","England, Scotland & Wales","Male","16-64","NQF Level 3","84.1","%","63570.5","53486.5","92","76.2"
"% in employment","Other","ONS 5+1","2017","Year","England, Scotland & Wales","Male","16-64","NQF Level 3","76.6","%","35742","27373.5","89.2","63.9"
"% in employment","Other than White","ONS 5+1","2017","Year","England, Scotland & Wales","Male","16-64","NQF Level 3","81.1","%","264485","214596.5","85.3","77"
"% in employment","Unknown","ONS 5+1","2017","Year","England, Scotland & Wales","Male","16-64","NQF Level 3","?","%","?","?","?","?"
"% in employment","All","ONS 5+1","2017","Year","England, Scotland & Wales","Male","16-64","NQF Level 3","86.2","%","3386137","2917987.5","86.8","85.6"
"% in employment","White","ONS 5+1","2017","Year","England, Scotland & Wales","Male","16-64","NQF Level 2","82","%","2784635","2283100","82.7","81.3"
"% in employment","Mixed","ONS 5+1","2017","Year","England, Scotland & Wales","Male","16-64","NQF Level 2","70.3","%","31854.5","22387","83.9","56.7"
"% in employment","Asian or Asian British","ONS 5+1","2017","Year","England, Scotland & Wales","Male","16-64","NQF Level 2","70.7","%","139515","98668.5","77.4","64"
"% in employment","Black or Black British","ONS 5+1","2017","Year","England, Scotland & Wales","Male","16-64","NQF Level 2","62.8","%","64240.5","40364.5","73.4","52.3"
"% in employment","Other","ONS 5+1","2017","Year","England, Scotland & Wales","Male","16-64","NQF Level 2","59.7","%","34755","20735.5","74.1","45.2"
"% in employment","Other than White","ONS 5+1","2017","Year","England, Scotland & Wales","Male","16-64","NQF Level 2","67.4","%","270365","182155.5","72.3","62.4"
"% in employment","Unknown","ONS 5+1","2017","Year","England, Scotland & Wales","Male","16-64","NQF Level 2","?","%","?","?","?","?"
"% in employment","All","ONS 5+1","2017","Year","England, Scotland & Wales","Male","16-64","NQF Level 2","80.7","%","3055182","2465437.5","81.4","80"
"% in employment","White","ONS 5+1","2017","Year","England, Scotland & Wales","Male","16-64","NQF Below Level 2","79.4","%","1806176","1434463","80.3","78.5"
"% in employment","Mixed","ONS 5+1","2017","Year","England, Scotland & Wales","Male","16-64","NQF Below Level 2","?","%","?","?","?","?"
"% in employment","Asian or Asian British","ONS 5+1","2017","Year","England, Scotland & Wales","Male","16-64","NQF Below Level 2","74.1","%","88721","65706","81.7","66.4"
"% in employment","Black or Black British","ONS 5+1","2017","Year","England, Scotland & Wales","Male","16-64","NQF Below Level 2","73.3","%","50703","37145","84.4","62.1"
"% in employment","Other","ONS 5+1","2017","Year","England, Scotland & Wales","Male","16-64","NQF Below Level 2","?","%","?","?","?","?"
"% in employment","Other than White","ONS 5+1","2017","Year","England, Scotland & Wales","Male","16-64","NQF Below Level 2","72.2","%","177704","128219","77.8","66.5"
"% in employment","Unknown","ONS 5+1","2017","Year","England, Scotland & Wales","Male","16-64","NQF Below Level 2","?","%","?","?","?","?"
"% in employment","All","ONS 5+1","2017","Year","England, Scotland & Wales","Male","16-64","NQF Below Level 2","78.7","%","1985195","1563137","79.6","77.8"
"% in employment","White","ONS 5+1","2017","Year","England, Scotland & Wales","Male","16-64","Other qualifications","83.4","%","1206012","1005541","84.4","82.3"
"% in employment","Mixed","ONS 5+1","2017","Year","England, Scotland & Wales","Male","16-64","Other qualifications","?","%","?","?","?","?"
"% in employment","Asian or Asian British","ONS 5+1","2017","Year","England, Scotland & Wales","Male","16-64","Other qualifications","83.4","%","168072","140175","88.1","78.7"
"% in employment","Black or Black British","ONS 5+1","2017","Year","England, Scotland & Wales","Male","16-64","Other qualifications","80.5","%","54340","43768","89.4","71.7"
"% in employment","Other","ONS 5+1","2017","Year","England, Scotland & Wales","Male","16-64","Other qualifications","80","%","87018","69575","87.3","72.6"
"% in employment","Other than White","ONS 5+1","2017","Year","England, Scotland & Wales","Male","16-64","Other qualifications","81.9","%","324543","265891","85.5","78.4"
"% in employment","Unknown","ONS 5+1","2017","Year","England, Scotland & Wales","Male","16-64","Other qualifications","?","%","?","?","?","?"
"% in employment","All","ONS 5+1","2017","Year","England, Scotland & Wales","Male","16-64","Other qualifications","83.1","%","1532148","1272575","84","82.1"
"% in employment","White","ONS 5+1","2017","Year","England, Scotland & Wales","Male","16-64","No qualifications","54.3","%","1249757","678238","55.6","53"
"% in employment","Mixed","ONS 5+1","2017","Year","England, Scotland & Wales","Male","16-64","No qualifications","?","%","?","?","?","?"
"% in employment","Asian or Asian British","ONS 5+1","2017","Year","England, Scotland & Wales","Male","16-64","No qualifications","63.4","%","152061","96423","69.7","57.1"
"% in employment","Black or Black British","ONS 5+1","2017","Year","England, Scotland & Wales","Male","16-64","No qualifications","48.9","%","42087","20588","61.4","36.4"
"% in employment","Other","ONS 5+1","2017","Year","England, Scotland & Wales","Male","16-64","No qualifications","62.4","%","46005","28689","74.2","50.5"
"% in employment","Other than White","ONS 5+1","2017","Year","England, Scotland & Wales","Male","16-64","No qualifications","59.3","%","260746","154741","64.3","54.4"
"% in employment","Unknown","ONS 5+1","2017","Year","England, Scotland & Wales","Male","16-64","No qualifications","?","%","?","?","?","?"
"% in employment","All","ONS 5+1","2017","Year","England, Scotland & Wales","Male","16-64","No qualifications","55.1","%","1511856","833665","56.3","53.9"
"% in employment","White","ONS 5+1","2017","Year","England, Scotland & Wales","Male","16-64","Unknown","72.1","%","50006","36041","78.5","65.7"
"% in employment","Mixed","ONS 5+1","2017","Year","England, Scotland & Wales","Male","16-64","Unknown","?","%","?","?","?","?"
"% in employment","Asian or Asian British","ONS 5+1","2017","Year","England, Scotland & Wales","Male","16-64","Unknown","?","%","?","?","?","?"
"% in employment","Black or Black British","ONS 5+1","2017","Year","England, Scotland & Wales","Male","16-64","Unknown","?","%","?","?","?","?"
"% in employment","Other","ONS 5+1","2017","Year","England, Scotland & Wales","Male","16-64","Unknown","?","%","?","?","?","?"
"% in employment","Other than White","ONS 5+1","2017","Year","England, Scotland & Wales","Male","16-64","Unknown","?","%","?","?","?","?"
"% in employment","Unknown","ONS 5+1","2017","Year","England, Scotland & Wales","Male","16-64","Unknown","?","%","?","?","?","?"
"% in employment","All","ONS 5+1","2017","Year","England, Scotland & Wales","Male","16-64","Unknown","67.4","%","58795","39620","73.6","61.2"
"% in employment","White","ONS 5+1","2017","Year","England, Scotland & Wales","Male","16-64","All","83.4","%","16083463","13417316","83.7","83.1"
"% in employment","Mixed","ONS 5+1","2017","Year","England, Scotland & Wales","Male","16-64","All","77.1","%","207182","159648","82.1","72"
"% in employment","Asian or Asian British","ONS 5+1","2017","Year","England, Scotland & Wales","Male","16-64","All","82.3","%","1289778","1061372","84.1","80.5"
"% in employment","Black or Black British","ONS 5+1","2017","Year","England, Scotland & Wales","Male","16-64","All","79.7","%","502633","400716","82.8","76.6"
"% in employment","Other","ONS 5+1","2017","Year","England, Scotland & Wales","Male","16-64","All","78.1","%","435774","340351","81.6","74.6"
"% in employment","Other than White","ONS 5+1","2017","Year","England, Scotland & Wales","Male","16-64","All","80.6","%","2435367","1962087","81.9","79.2"
"% in employment","Unknown","ONS 5+1","2017","Year","England, Scotland & Wales","Male","16-64","All","?","%","?","?","?","?"
"% in employment","All","ONS 5+1","2017","Year","England, Scotland & Wales","Male","16-64","All","83","%","18532476","15388216","83.3","82.8"
"% in employment","White","ONS 5+1","2017","Year","England, Scotland & Wales","Female","16-64","NQF Level 4 and above","84","%","6592102","5538206","84.4","83.6"
"% in employment","Mixed","ONS 5+1","2017","Year","England, Scotland & Wales","Female","16-64","NQF Level 4 and above","80.7","%","112504","90757","86.9","74.4"
"% in employment","Asian or Asian British","ONS 5+1","2017","Year","England, Scotland & Wales","Female","16-64","NQF Level 4 and above","72.5","%","582203","422229","75.5","69.5"
"% in employment","Black or Black British","ONS 5+1","2017","Year","England, Scotland & Wales","Female","16-64","NQF Level 4 and above","78.5","%","280998","220539","82.6","74.3"
"% in employment","Other","ONS 5+1","2017","Year","England, Scotland & Wales","Female","16-64","NQF Level 4 and above","71.8","%","242888","174352","76.7","66.9"
"% in employment","Other than White","ONS 5+1","2017","Year","England, Scotland & Wales","Female","16-64","NQF Level 4 and above","74.5","%","1218593","907877","76.6","72.4"
"% in employment","Unknown","ONS 5+1","2017","Year","England, Scotland & Wales","Female","16-64","NQF Level 4 and above","?","%","?","?","?","?"
"% in employment","All","ONS 5+1","2017","Year","England, Scotland & Wales","Female","16-64","NQF Level 4 and above","82.5","%","7815138","6449861","82.9","82.1"
"% in employment","White","ONS 5+1","2017","Year","England, Scotland & Wales","Female","16-64","NQF Level 3","79.5","%","2651113","2108739","80.3","78.8"
"% in employment","Mixed","ONS 5+1","2017","Year","England, Scotland & Wales","Female","16-64","NQF Level 3","80.5","%","35211","28338.5","92","69"
"% in employment","Asian or Asian British","ONS 5+1","2017","Year","England, Scotland & Wales","Female","16-64","NQF Level 3","62.9","%","137919","86747","69.5","56.3"
"% in employment","Black or Black British","ONS 5+1","2017","Year","England, Scotland & Wales","Female","16-64","NQF Level 3","69.6","%","86715","60326","78.3","60.9"
"% in employment","Other","ONS 5+1","2017","Year","England, Scotland & Wales","Female","16-64","NQF Level 3","63.3","%","39999","25336.5","76.3","50.4"
"% in employment","Other than White","ONS 5+1","2017","Year","England, Scotland & Wales","Female","16-64","NQF Level 3","67","%","299844","200748","71.5","62.4"
"% in employment","Unknown","ONS 5+1","2017","Year","England, Scotland & Wales","Female","16-64","NQF Level 3","?","%","?","?","?","?"
"% in employment","All","ONS 5+1","2017","Year","England, Scotland & Wales","Female","16-64","NQF Level 3","78.2","%","2952307","2309935","79","77.5"
"% in employment","White","ONS 5+1","2017","Year","England, Scotland & Wales","Female","16-64","NQF Level 2","72","%","2918092","2100681","72.7","71.2"
"% in employment","Mixed","ONS 5+1","2017","Year","England, Scotland & Wales","Female","16-64","NQF Level 2","64.9","%","42499","27581.5","77.1","52.7"
"% in employment","Asian or Asian British","ONS 5+1","2017","Year","England, Scotland & Wales","Female","16-64","NQF Level 2","49","%","127192","62300","56","42"
"% in employment","Black or Black British","ONS 5+1","2017","Year","England, Scotland & Wales","Female","16-64","NQF Level 2","65.3","%","74094","48359","74.6","56"
"% in employment","Other","ONS 5+1","2017","Year","England, Scotland & Wales","Female","16-64","NQF Level 2","58.1","%","28936","16820.5","73.1","43.2"
"% in employment","Other than White","ONS 5+1","2017","Year","England, Scotland & Wales","Female","16-64","NQF Level 2","56.9","%","272721","155061","61.7","52"
"% in employment","Unknown","ONS 5+1","2017","Year","England, Scotland & Wales","Female","16-64","NQF Level 2","?","%","?","?","?","?"
"% in employment","All","ONS 5+1","2017","Year","England, Scotland & Wales","Female","16-64","NQF Level 2","70.7","%","3193807","2257420","71.4","69.9"
"% in employment","White","ONS 5+1","2017","Year","England, Scotland & Wales","Female","16-64","NQF Below Level 2","64.5","%","1838983","1186112","65.5","63.5"
"% in employment","Mixed","ONS 5+1","2017","Year","England, Scotland & Wales","Female","16-64","NQF Below Level 2","?","%","?","?","?","?"
"% in employment","Asian or Asian British","ONS 5+1","2017","Year","England, Scotland & Wales","Female","16-64","NQF Below Level 2","39.5","%","105612","41756","47.1","31.9"
"% in employment","Black or Black British","ONS 5+1","2017","Year","England, Scotland & Wales","Female","16-64","NQF Below Level 2","59.1","%","52267","30864","70.2","47.9"
"% in employment","Other","ONS 5+1","2017","Year","England, Scotland & Wales","Female","16-64","NQF Below Level 2","?","%","?","?","?","?"
"% in employment","Other than White","ONS 5+1","2017","Year","England, Scotland & Wales","Female","16-64","NQF Below Level 2","46.2","%","204922","94621","51.7","40.6"
"% in employment","Unknown","ONS 5+1","2017","Year","England, Scotland & Wales","Female","16-64","NQF Below Level 2","?","%","?","?","?","?"
"% in employment","All","ONS 5+1","2017","Year","England, Scotland & Wales","Female","16-64","NQF Below Level 2","62.7","%","2044768","1281210","63.6","61.7"
"% in employment","White","ONS 5+1","2017","Year","England, Scotland & Wales","Female","16-64","Other qualifications","71","%","826217","586945","72.5","69.6"
"% in employment","Mixed","ONS 5+1","2017","Year","England, Scotland & Wales","Female","16-64","Other qualifications","?","%","?","?","?","?"
"% in employment","Asian or Asian British","ONS 5+1","2017","Year","England, Scotland & Wales","Female","16-64","Other qualifications","49.1","%","153708","75516","55.4","42.9"
"% in employment","Black or Black British","ONS 5+1","2017","Year","England, Scotland & Wales","Female","16-64","Other qualifications","52.3","%","59267","30982","62.9","41.7"
"% in employment","Other","ONS 5+1","2017","Year","England, Scotland & Wales","Female","16-64","Other qualifications","52.5","%","71078","37305","61.9","43"
"% in employment","Other than White","ONS 5+1","2017","Year","England, Scotland & Wales","Female","16-64","Other qualifications","50.6","%","293487","148481","55.2","46"
"% in employment","Unknown","ONS 5+1","2017","Year","England, Scotland & Wales","Female","16-64","Other qualifications","?","%","?","?","?","?"
"% in employment","All","ONS 5+1","2017","Year","England, Scotland & Wales","Female","16-64","Other qualifications","65.7","%","1120598","735976","67","64.3"
"% in employment","White","ONS 5+1","2017","Year","England, Scotland & Wales","Female","16-64","No qualifications","39.5","%","1185238","468328","40.7","38.3"
"% in employment","Mixed","ONS 5+1","2017","Year","England, Scotland & Wales","Female","16-64","No qualifications","?","%","?","?","?","?"
"% in employment","Asian or Asian British","ONS 5+1","2017","Year","England, Scotland & Wales","Female","16-64","No qualifications","18.5","%","174377","32233","23","14"
"% in employment","Black or Black British","ONS 5+1","2017","Year","England, Scotland & Wales","Female","16-64","No qualifications","33.6","%","53378","17932","43.8","23.4"
"% in employment","Other","ONS 5+1","2017","Year","England, Scotland & Wales","Female","16-64","No qualifications","28.2","%","54649","15417","37.7","18.7"
"% in employment","Other than White","ONS 5+1","2017","Year","England, Scotland & Wales","Female","16-64","No qualifications","24.2","%","298355","72095","28","20.3"
"% in employment","Unknown","ONS 5+1","2017","Year","England, Scotland & Wales","Female","16-64","No qualifications","?","%","?","?","?","?"
"% in employment","All","ONS 5+1","2017","Year","England, Scotland & Wales","Female","16-64","No qualifications","36.4","%","1483593","540423","37.5","35.3"
"% in employment","White","ONS 5+1","2017","Year","England, Scotland & Wales","Female","16-64","Unknown","52.8","%","37429","19781","60.6","45.1"
"% in employment","Mixed","ONS 5+1","2017","Year","England, Scotland & Wales","Female","16-64","Unknown","?","%","?","?","?","?"
"% in employment","Asian or Asian British","ONS 5+1","2017","Year","England, Scotland & Wales","Female","16-64","Unknown","?","%","?","?","?","?"
"% in employment","Black or Black British","ONS 5+1","2017","Year","England, Scotland & Wales","Female","16-64","Unknown","?","%","?","?","?","?"
"% in employment","Other","ONS 5+1","2017","Year","England, Scotland & Wales","Female","16-64","Unknown","?","%","?","?","?","?"
"% in employment","Other than White","ONS 5+1","2017","Year","England, Scotland & Wales","Female","16-64","Unknown","?","%","?","?","?","?"
"% in employment","Unknown","ONS 5+1","2017","Year","England, Scotland & Wales","Female","16-64","Unknown","?","%","?","?","?","?"
"% in employment","All","ONS 5+1","2017","Year","England, Scotland & Wales","Female","16-64","Unknown","48.5","%","43771","21231","55.8","41.2"
"% in employment","White","ONS 5+1","2017","Year","England, Scotland & Wales","Female","16-64","All","74.8","%","16049174","12008792","75.1","74.5"
"% in employment","Mixed","ONS 5+1","2017","Year","England, Scotland & Wales","Female","16-64","All","71.1","%","241499","171787","76","66.3"
"% in employment","Asian or Asian British","ONS 5+1","2017","Year","England, Scotland & Wales","Female","16-64","All","56.2","%","1283213","721299","58.4","54"
"% in employment","Black or Black British","ONS 5+1","2017","Year","England, Scotland & Wales","Female","16-64","All","67.4","%","607153","409436","70.6","64.2"
"% in employment","Other","ONS 5+1","2017","Year","England, Scotland & Wales","Female","16-64","All","60.3","%","459863","277313","64.1","56.5"
"% in employment","Other than White","ONS 5+1","2017","Year","England, Scotland & Wales","Female","16-64","All","61","%","2591728","1579835","62.5","59.4"
"% in employment","Unknown","ONS 5+1","2017","Year","England, Scotland & Wales","Female","16-64","All","?","%","?","?","?","?"
"% in employment","All","ONS 5+1","2017","Year","England, Scotland & Wales","Female","16-64","All","72.9","%","18653982","13596056","73.2","72.6"
"% in employment","White","ONS 5+1","2017","Year","England, Scotland & Wales","All","16-64","NQF Level 4 and above","86.8","%","12459047","10816382","87.1","86.5"
"% in employment","Mixed","ONS 5+1","2017","Year","England, Scotland & Wales","All","16-64","NQF Level 4 and above","83.1","%","199133","165397","87.7","78.5"
"% in employment","Asian or Asian British","ONS 5+1","2017","Year","England, Scotland & Wales","All","16-64","NQF Level 4 and above","82.1","%","1189886","977025","83.9","80.3"
"% in employment","Black or Black British","ONS 5+1","2017","Year","England, Scotland & Wales","All","16-64","NQF Level 4 and above","83.8","%","507912","425381","86.6","80.9"
"% in employment","Other","ONS 5+1","2017","Year","England, Scotland & Wales","All","16-64","NQF Level 4 and above","78","%","452485","352979","81.4","74.6"
"% in employment","Other than White","ONS 5+1","2017","Year","England, Scotland & Wales","All","16-64","NQF Level 4 and above","81.8","%","2349416","1920782","83.1","80.4"
"% in employment","Unknown","ONS 5+1","2017","Year","England, Scotland & Wales","All","16-64","NQF Level 4 and above","?","%","?","?","?","?"
"% in employment","All","ONS 5+1","2017","Year","England, Scotland & Wales","All","16-64","NQF Level 4 and above","86","%","14818301","12745655","86.3","85.7"
"% in employment","White","ONS 5+1","2017","Year","England, Scotland & Wales","All","16-64","NQF Level 3","83.4","%","5771045","4810496","83.8","82.9"
"% in employment","Mixed","ONS 5+1","2017","Year","England, Scotland & Wales","All","16-64","NQF Level 3","82.2","%","71684.5","58916.5","90.1","74.3"
"% in employment","Asian or Asian British","ONS 5+1","2017","Year","England, Scotland & Wales","All","16-64","NQF Level 3","71.2","%","266618","189905.5","75.8","66.6"
"% in employment","Black or Black British","ONS 5+1","2017","Year","England, Scotland & Wales","All","16-64","NQF Level 3","75.7","%","150285.5","113812.5","81.8","69.6"
"% in employment","Other","ONS 5+1","2017","Year","England, Scotland & Wales","All","16-64","NQF Level 3","69.6","%","75741","52710","78.8","60.4"
"% in employment","Other than White","ONS 5+1","2017","Year","England, Scotland & Wales","All","16-64","NQF Level 3","73.6","%","564329","415344.5","76.8","70.4"
"% in employment","Unknown","ONS 5+1","2017","Year","England, Scotland & Wales","All","16-64","NQF Level 3","?","%","?","?","?","?"
"% in employment","All","ONS 5+1","2017","Year","England, Scotland & Wales","All","16-64","NQF Level 3","82.5","%","6338444","5227922.5","82.9","82"
"% in employment","White","ONS 5+1","2017","Year","England, Scotland & Wales","All","16-64","NQF Level 2","76.9","%","5702727","4383781","77.4","76.4"
"% in employment","Mixed","ONS 5+1","2017","Year","England, Scotland & Wales","All","16-64","NQF Level 2","67.2","%","74353.5","49968.5","76.3","58.1"
"% in employment","Asian or Asian British","ONS 5+1","2017","Year","England, Scotland & Wales","All","16-64","NQF Level 2","60.4","%","266707","160968.5","65.3","55.4"
"% in employment","Black or Black British","ONS 5+1","2017","Year","England, Scotland & Wales","All","16-64","NQF Level 2","64.1","%","138334.5","88723.5","71.1","57.1"
"% in employment","Other","ONS 5+1","2017","Year","England, Scotland & Wales","All","16-64","NQF Level 2","59","%","63691","37556","69.4","48.6"
"% in employment","Other than White","ONS 5+1","2017","Year","England, Scotland & Wales","All","16-64","NQF Level 2","62.1","%","543086","337216.5","65.6","58.6"
"% in employment","Unknown","ONS 5+1","2017","Year","England, Scotland & Wales","All","16-64","NQF Level 2","?","%","?","?","?","?"
"% in employment","All","ONS 5+1","2017","Year","England, Scotland & Wales","All","16-64","NQF Level 2","75.6","%","6248989","4722857.5","76.1","75.1"
"% in employment","White","ONS 5+1","2017","Year","England, Scotland & Wales","All","16-64","NQF Below Level 2","71.9","%","3645159","2620575","72.6","71.2"
"% in employment","Mixed","ONS 5+1","2017","Year","England, Scotland & Wales","All","16-64","NQF Below Level 2","58.3","%","41229","24031","70.4","46.2"
"% in employment","Asian or Asian British","ONS 5+1","2017","Year","England, Scotland & Wales","All","16-64","NQF Below Level 2","55.3","%","194333","107462","61.1","49.5"
"% in employment","Black or Black British","ONS 5+1","2017","Year","England, Scotland & Wales","All","16-64","NQF Below Level 2","66","%","102970","68009","74","58.1"
"% in employment","Other","ONS 5+1","2017","Year","England, Scotland & Wales","All","16-64","NQF Below Level 2","52.9","%","44094","23338","64.8","41"
"% in employment","Other than White","ONS 5+1","2017","Year","England, Scotland & Wales","All","16-64","NQF Below Level 2","58.2","%","382626","222840","62.4","54.1"
"% in employment","Unknown","ONS 5+1","2017","Year","England, Scotland & Wales","All","16-64","NQF Below Level 2","?","%","?","?","?","?"
"% in employment","All","ONS 5+1","2017","Year","England, Scotland & Wales","All","16-64","NQF Below Level 2","70.6","%","4029963","2844347","71.3","69.9"
"% in employment","White","ONS 5+1","2017","Year","England, Scotland & Wales","All","16-64","Other qualifications","78.4","%","2032229","1592486","79.2","77.5"
"% in employment","Mixed","ONS 5+1","2017","Year","England, Scotland & Wales","All","16-64","Other qualifications","?","%","?","?","?","?"
"% in employment","Asian or Asian British","ONS 5+1","2017","Year","England, Scotland & Wales","All","16-64","Other qualifications","67","%","321780","215691","71.2","62.9"
"% in employment","Black or Black British","ONS 5+1","2017","Year","England, Scotland & Wales","All","16-64","Other qualifications","65.8","%","113607","74750","73.1","58.5"
"% in employment","Other","ONS 5+1","2017","Year","England, Scotland & Wales","All","16-64","Other qualifications","67.6","%","158096","106880","73.8","61.4"
"% in employment","Other than White","ONS 5+1","2017","Year","England, Scotland & Wales","All","16-64","Other qualifications","67","%","618030","414372","70.1","64"
"% in employment","Unknown","ONS 5+1","2017","Year","England, Scotland & Wales","All","16-64","Other qualifications","?","%","?","?","?","?"
"% in employment","All","ONS 5+1","2017","Year","England, Scotland & Wales","All","16-64","Other qualifications","75.7","%","2652746","2008551","76.5","74.9"
"% in employment","White","ONS 5+1","2017","Year","England, Scotland & Wales","All","16-64","No qualifications","47.1","%","2434995","1146566","48","46.2"
"% in employment","Mixed","ONS 5+1","2017","Year","England, Scotland & Wales","All","16-64","No qualifications","42.6","%","36544","15554","55.8","29.4"
"% in employment","Asian or Asian British","ONS 5+1","2017","Year","England, Scotland & Wales","All","16-64","No qualifications","39.4","%","326438","128656","43.6","35.2"
"% in employment","Black or Black British","ONS 5+1","2017","Year","England, Scotland & Wales","All","16-64","No qualifications","40.3","%","95465","38520","48.4","32.3"
"% in employment","Other","ONS 5+1","2017","Year","England, Scotland & Wales","All","16-64","No qualifications","43.8","%","100654","44106","51.7","35.9"
"% in employment","Other than White","ONS 5+1","2017","Year","England, Scotland & Wales","All","16-64","No qualifications","40.6","%","559101","226836","43.9","37.3"
"% in employment","Unknown","ONS 5+1","2017","Year","England, Scotland & Wales","All","16-64","No qualifications","?","%","?","?","?","?"
"% in employment","All","ONS 5+1","2017","Year","England, Scotland & Wales","All","16-64","No qualifications","45.9","%","2995449","1374088","46.7","45"
"% in employment","White","ONS 5+1","2017","Year","England, Scotland & Wales","All","16-64","Unknown","63.8","%","87435","55822","68.9","58.8"
"% in employment","Mixed","ONS 5+1","2017","Year","England, Scotland & Wales","All","16-64","Unknown","?","%","?","?","?","?"
"% in employment","Asian or Asian British","ONS 5+1","2017","Year","England, Scotland & Wales","All","16-64","Unknown","?","%","?","?","?","?"
"% in employment","Black or Black British","ONS 5+1","2017","Year","England, Scotland & Wales","All","16-64","Unknown","?","%","?","?","?","?"
"% in employment","Other","ONS 5+1","2017","Year","England, Scotland & Wales","All","16-64","Unknown","?","%","?","?","?","?"
"% in employment","Other than White","ONS 5+1","2017","Year","England, Scotland & Wales","All","16-64","Unknown","?","%","?","?","?","?"
"% in employment","Unknown","ONS 5+1","2017","Year","England, Scotland & Wales","All","16-64","Unknown","?","%","?","?","?","?"
"% in employment","All","ONS 5+1","2017","Year","England, Scotland & Wales","All","16-64","Unknown","59.3","%","102566","60851","64.1","54.5"
"% in employment","White","ONS 5+1","2017","Year","England, Scotland & Wales","All","16-64","All","79.1","%","32132637","25426108","79.3","78.9"
"% in employment","Mixed","ONS 5+1","2017","Year","England, Scotland & Wales","All","16-64","All","73.9","%","448681","331435","77.4","70.4"
"% in employment","Asian or Asian British","ONS 5+1","2017","Year","England, Scotland & Wales","All","16-64","All","69.3","%","2572991","1782671","70.8","67.8"
"% in employment","Black or Black British","ONS 5+1","2017","Year","England, Scotland & Wales","All","16-64","All","73","%","1109786","810152","75.3","70.7"
"% in employment","Other","ONS 5+1","2017","Year","England, Scotland & Wales","All","16-64","All","69","%","895637","617664","71.6","66.3"
"% in employment","Other than White","ONS 5+1","2017","Year","England, Scotland & Wales","All","16-64","All","70.5","%","5027095","3541922","71.5","69.4"
"% in employment","Unknown","ONS 5+1","2017","Year","England, Scotland & Wales","All","16-64","All","60.8","%","26726","16242","75.6","45.9"
"% in employment","All","ONS 5+1","2017","Year","England, Scotland & Wales","All","16-64","All","77.9","%","37186458","28984272","78.1","77.7"
"% in employment","White","ONS 5+1","2018","Year","England, Scotland & Wales","Male","16-64","NQF Level 4 and above","90.2","%","5935019","5354426","90.6","89.8"
"% in employment","Mixed","ONS 5+1","2018","Year","England, Scotland & Wales","Male","16-64","NQF Level 4 and above","88","%","100143","88171","94.1","82"
"% in employment","Asian or Asian British","ONS 5+1","2018","Year","England, Scotland & Wales","Male","16-64","NQF Level 4 and above","92.2","%","638056","588149","94","90.3"
"% in employment","Black or Black British","ONS 5+1","2018","Year","England, Scotland & Wales","Male","16-64","NQF Level 4 and above","87.2","%","224589","195760","91.2","83.1"
"% in employment","Other","ONS 5+1","2018","Year","England, Scotland & Wales","Male","16-64","NQF Level 4 and above","86.2","%","207617","178981","90.5","81.9"
"% in employment","Other than White","ONS 5+1","2018","Year","England, Scotland & Wales","Male","16-64","NQF Level 4 and above","89.8","%","1170405","1051061","91.4","88.2"
"% in employment","Unknown","ONS 5+1","2018","Year","England, Scotland & Wales","Male","16-64","NQF Level 4 and above","?","%","?","?","?","?"
"% in employment","All","ONS 5+1","2018","Year","England, Scotland & Wales","Male","16-64","NQF Level 4 and above","90.1","%","7110499","6410005","90.5","89.8"
"% in employment","White","ONS 5+1","2018","Year","England, Scotland & Wales","Male","16-64","NQF Level 3","87","%","3104795.5","2700094.5","87.6","86.4"
"% in employment","Mixed","ONS 5+1","2018","Year","England, Scotland & Wales","Male","16-64","NQF Level 3","75.3","%","40449.5","30447","87.5","63.1"
"% in employment","Asian or Asian British","ONS 5+1","2018","Year","England, Scotland & Wales","Male","16-64","NQF Level 3","86.9","%","122400","106392","92.3","81.5"
"% in employment","Black or Black British","ONS 5+1","2018","Year","England, Scotland & Wales","Male","16-64","NQF Level 3","77.1","%","74729.5","57579.5","86.3","67.8"
"% in employment","Other","ONS 5+1","2018","Year","England, Scotland & Wales","Male","16-64","NQF Level 3","?","%","?","?","?","?"
"% in employment","Other than White","ONS 5+1","2018","Year","England, Scotland & Wales","Male","16-64","NQF Level 3","81.6","%","267067.5","217966","85.9","77.3"
"% in employment","Unknown","ONS 5+1","2018","Year","England, Scotland & Wales","Male","16-64","NQF Level 3","?","%","?","?","?","?"
"% in employment","All","ONS 5+1","2018","Year","England, Scotland & Wales","Male","16-64","NQF Level 3","86.5","%","3374204","2920359.5","87.1","86"
"% in employment","White","ONS 5+1","2018","Year","England, Scotland & Wales","Male","16-64","NQF Level 2","81.3","%","2722249.5","2212278.5","82","80.5"
"% in employment","Mixed","ONS 5+1","2018","Year","England, Scotland & Wales","Male","16-64","NQF Level 2","69.6","%","38381.5","26726","82.8","56.4"
"% in employment","Asian or Asian British","ONS 5+1","2018","Year","England, Scotland & Wales","Male","16-64","NQF Level 2","72","%","121752","87651","78.8","65.1"
"% in employment","Black or Black British","ONS 5+1","2018","Year","England, Scotland & Wales","Male","16-64","NQF Level 2","68.5","%","79700.5","54602.5","77.9","59.1"
"% in employment","Other","ONS 5+1","2018","Year","England, Scotland & Wales","Male","16-64","NQF Level 2","?","%","?","?","?","?"
"% in employment","Other than White","ONS 5+1","2018","Year","England, Scotland & Wales","Male","16-64","NQF Level 2","70.8","%","269834.5","190984","75.6","66"
"% in employment","Unknown","ONS 5+1","2018","Year","England, Scotland & Wales","Male","16-64","NQF Level 2","?","%","?","?","?","?"
"% in employment","All","ONS 5+1","2018","Year","England, Scotland & Wales","Male","16-64","NQF Level 2","80.3","%","2994195","2405331.5","81","79.6"
"% in employment","White","ONS 5+1","2018","Year","England, Scotland & Wales","Male","16-64","NQF Below Level 2","78.3","%","1811014","1418186","79.3","77.4"
"% in employment","Mixed","ONS 5+1","2018","Year","England, Scotland & Wales","Male","16-64","NQF Below Level 2","?","%","?","?","?","?"
"% in employment","Asian or Asian British","ONS 5+1","2018","Year","England, Scotland & Wales","Male","16-64","NQF Below Level 2","75.6","%","93309","70573","83.2","68"
"% in employment","Black or Black British","ONS 5+1","2018","Year","England, Scotland & Wales","Male","16-64","NQF Below Level 2","71.3","%","44978","32081","83.6","59.1"
"% in employment","Other","ONS 5+1","2018","Year","England, Scotland & Wales","Male","16-64","NQF Below Level 2","?","%","?","?","?","?"
"% in employment","Other than White","ONS 5+1","2018","Year","England, Scotland & Wales","Male","16-64","NQF Below Level 2","72.3","%","175797","127185","78.2","66.5"
"% in employment","Unknown","ONS 5+1","2018","Year","England, Scotland & Wales","Male","16-64","NQF Below Level 2","?","%","?","?","?","?"
"% in employment","All","ONS 5+1","2018","Year","England, Scotland & Wales","Male","16-64","NQF Below Level 2","77.8","%","1986811","1545371","78.7","76.9"
"% in employment","White","ONS 5+1","2018","Year","England, Scotland & Wales","Male","16-64","Other qualifications","84.2","%","1168236","983555","85.2","83.2"
"% in employment","Mixed","ONS 5+1","2018","Year","England, Scotland & Wales","Male","16-64","Other qualifications","?","%","?","?","?","?"
"% in employment","Asian or Asian British","ONS 5+1","2018","Year","England, Scotland & Wales","Male","16-64","Other qualifications","84.5","%","168358","142191","89.1","79.8"
"% in employment","Black or Black British","ONS 5+1","2018","Year","England, Scotland & Wales","Male","16-64","Other qualifications","81.2","%","74324","60387","89.2","73.3"
"% in employment","Other","ONS 5+1","2018","Year","England, Scotland & Wales","Male","16-64","Other qualifications","81.7","%","85735","70035","89","74.4"
"% in employment","Other than White","ONS 5+1","2018","Year","England, Scotland & Wales","Male","16-64","Other qualifications","82.7","%","341852","282863","86.2","79.3"
"% in employment","Unknown","ONS 5+1","2018","Year","England, Scotland & Wales","Male","16-64","Other qualifications","?","%","?","?","?","?"
"% in employment","All","ONS 5+1","2018","Year","England, Scotland & Wales","Male","16-64","Other qualifications","83.9","%","1511514","1267844","84.8","82.9"
"% in employment","White","ONS 5+1","2018","Year","England, Scotland & Wales","Male","16-64","No qualifications","55.6","%","1292094","717857","56.9","54.3"
"% in employment","Mixed","ONS 5+1","2018","Year","England, Scotland & Wales","Male","16-64","No qualifications","?","%","?","?","?","?"
"% in employment","Asian or Asian British","ONS 5+1","2018","Year","England, Scotland & Wales","Male","16-64","No qualifications","65.2","%","161876","105467","71.2","59.1"
"% in employment","Black or Black British","ONS 5+1","2018","Year","England, Scotland & Wales","Male","16-64","No qualifications","63.9","%","54767","35013","75.1","52.7"
"% in employment","Other","ONS 5+1","2018","Year","England, Scotland & Wales","Male","16-64","No qualifications","57.5","%","55701","32010","68.4","46.5"
"% in employment","Other than White","ONS 5+1","2018","Year","England, Scotland & Wales","Male","16-64","No qualifications","61.8","%","289019","178678","66.5","57.1"
"% in employment","Unknown","ONS 5+1","2018","Year","England, Scotland & Wales","Male","16-64","No qualifications","?","%","?","?","?","?"
"% in employment","All","ONS 5+1","2018","Year","England, Scotland & Wales","Male","16-64","No qualifications","56.7","%","1584118","898257","57.9","55.5"
"% in employment","White","ONS 5+1","2018","Year","England, Scotland & Wales","Male","16-64","Unknown","58.7","%","49869","29295","65.8","51.6"
"% in employment","Mixed","ONS 5+1","2018","Year","England, Scotland & Wales","Male","16-64","Unknown","?","%","?","?","?","?"
"% in employment","Asian or Asian British","ONS 5+1","2018","Year","England, Scotland & Wales","Male","16-64","Unknown","?","%","?","?","?","?"
"% in employment","Black or Black British","ONS 5+1","2018","Year","England, Scotland & Wales","Male","16-64","Unknown","?","%","?","?","?","?"
"% in employment","Other","ONS 5+1","2018","Year","England, Scotland & Wales","Male","16-64","Unknown","?","%","?","?","?","?"
"% in employment","Other than White","ONS 5+1","2018","Year","England, Scotland & Wales","Male","16-64","Unknown","?","%","?","?","?","?"
"% in employment","Unknown","ONS 5+1","2018","Year","England, Scotland & Wales","Male","16-64","Unknown","?","%","?","?","?","?"
"% in employment","All","ONS 5+1","2018","Year","England, Scotland & Wales","Male","16-64","Unknown","63.2","%","60710","38355","69.6","56.8"
"% in employment","White","ONS 5+1","2018","Year","England, Scotland & Wales","Male","16-64","All","83.4","%","16083277","13415692","83.7","83.1"
"% in employment","Mixed","ONS 5+1","2018","Year","England, Scotland & Wales","Male","16-64","All","77","%","224292","172726","82.1","71.9"
"% in employment","Asian or Asian British","ONS 5+1","2018","Year","England, Scotland & Wales","Male","16-64","All","84.3","%","1311754","1105905","86","82.6"
"% in employment","Black or Black British","ONS 5+1","2018","Year","England, Scotland & Wales","Male","16-64","All","78.7","%","555402","437078","81.8","75.6"
"% in employment","Other","ONS 5+1","2018","Year","England, Scotland & Wales","Male","16-64","All","79","%","432767","342088","82.5","75.6"
"% in employment","Other than White","ONS 5+1","2018","Year","England, Scotland & Wales","Male","16-64","All","81.5","%","2524215","2057797","82.9","80.2"
"% in employment","Unknown","ONS 5+1","2018","Year","England, Scotland & Wales","Male","16-64","All","?","%","?","?","?","?"
"% in employment","All","ONS 5+1","2018","Year","England, Scotland & Wales","Male","16-64","All","83.2","%","18622051","15485523","83.4","82.9"
"% in employment","White","ONS 5+1","2018","Year","England, Scotland & Wales","Female","16-64","NQF Level 4 and above","84.6","%","6752860","5711964","85","84.2"
"% in employment","Mixed","ONS 5+1","2018","Year","England, Scotland & Wales","Female","16-64","NQF Level 4 and above","83.5","%","108798","90793","89.6","77.3"
"% in employment","Asian or Asian British","ONS 5+1","2018","Year","England, Scotland & Wales","Female","16-64","NQF Level 4 and above","74.8","%","601232","449428","77.7","71.8"
"% in employment","Black or Black British","ONS 5+1","2018","Year","England, Scotland & Wales","Female","16-64","NQF Level 4 and above","80.7","%","297507","240017","84.7","76.7"
"% in employment","Other","ONS 5+1","2018","Year","England, Scotland & Wales","Female","16-64","NQF Level 4 and above","71.5","%","235029","167998","76.5","66.4"
"% in employment","Other than White","ONS 5+1","2018","Year","England, Scotland & Wales","Female","16-64","NQF Level 4 and above","76.3","%","1242566","948236","78.3","74.3"
"% in employment","Unknown","ONS 5+1","2018","Year","England, Scotland & Wales","Female","16-64","NQF Level 4 and above","?","%","?","?","?","?"
"% in employment","All","ONS 5+1","2018","Year","England, Scotland & Wales","Female","16-64","NQF Level 4 and above","83.3","%","8003130","6666543","83.7","82.9"
"% in employment","White","ONS 5+1","2018","Year","England, Scotland & Wales","Female","16-64","NQF Level 3","79.2","%","2673457","2117089","79.9","78.4"
"% in employment","Mixed","ONS 5+1","2018","Year","England, Scotland & Wales","Female","16-64","NQF Level 3","65.2","%","34831","22697.5","79","51.3"
"% in employment","Asian or Asian British","ONS 5+1","2018","Year","England, Scotland & Wales","Female","16-64","NQF Level 3","60.5","%","134942","81635","67.4","53.6"
"% in employment","Black or Black British","ONS 5+1","2018","Year","England, Scotland & Wales","Female","16-64","NQF Level 3","71.3","%","81810.5","58330","80.1","62.5"
"% in employment","Other","ONS 5+1","2018","Year","England, Scotland & Wales","Female","16-64","NQF Level 3","49.9","%","35885","17923","64.2","35.7"
"% in employment","Other than White","ONS 5+1","2018","Year","England, Scotland & Wales","Female","16-64","NQF Level 3","62.8","%","287468.5","180585.5","67.6","58"
"% in employment","Unknown","ONS 5+1","2018","Year","England, Scotland & Wales","Female","16-64","NQF Level 3","?","%","?","?","?","?"
"% in employment","All","ONS 5+1","2018","Year","England, Scotland & Wales","Female","16-64","NQF Level 3","77.6","%","2962035.5","2298529.5","78.3","76.9"
"% in employment","White","ONS 5+1","2018","Year","England, Scotland & Wales","Female","16-64","NQF Level 2","70.9","%","2851271","2020880","71.7","70.1"
"% in employment","Mixed","ONS 5+1","2018","Year","England, Scotland & Wales","Female","16-64","NQF Level 2","52.3","%","42053","21998.5","65","39.6"
"% in employment","Asian or Asian British","ONS 5+1","2018","Year","England, Scotland & Wales","Female","16-64","NQF Level 2","49.2","%","132653","65236","56.2","42.2"
"% in employment","Black or Black British","ONS 5+1","2018","Year","England, Scotland & Wales","Female","16-64","NQF Level 2","57.9","%","83587.5","48406","67.1","48.8"
"% in employment","Other","ONS 5+1","2018","Year","England, Scotland & Wales","Female","16-64","NQF Level 2","59.2","%","33533","19867","73.9","44.6"
"% in employment","Other than White","ONS 5+1","2018","Year","England, Scotland & Wales","Female","16-64","NQF Level 2","53.3","%","291826.5","155507.5","58.1","48.5"
"% in employment","Unknown","ONS 5+1","2018","Year","England, Scotland & Wales","Female","16-64","NQF Level 2","?","%","?","?","?","?"
"% in employment","All","ONS 5+1","2018","Year","England, Scotland & Wales","Female","16-64","NQF Level 2","69.2","%","3144436.5","2177429.5","70","68.5"
"% in employment","White","ONS 5+1","2018","Year","England, Scotland & Wales","Female","16-64","NQF Below Level 2","64.7","%","1751612","1133797","65.8","63.7"
"% in employment","Mixed","ONS 5+1","2018","Year","England, Scotland & Wales","Female","16-64","NQF Below Level 2","?","%","?","?","?","?"
"% in employment","Asian or Asian British","ONS 5+1","2018","Year","England, Scotland & Wales","Female","16-64","NQF Below Level 2","40.8","%","101025","41261","48.7","32.9"
"% in employment","Black or Black British","ONS 5+1","2018","Year","England, Scotland & Wales","Female","16-64","NQF Below Level 2","53.9","%","53150","28628","65.7","42"
"% in employment","Other","ONS 5+1","2018","Year","England, Scotland & Wales","Female","16-64","NQF Below Level 2","?","%","?","?","?","?"
"% in employment","Other than White","ONS 5+1","2018","Year","England, Scotland & Wales","Female","16-64","NQF Below Level 2","47.2","%","203531","96126","53","41.4"
"% in employment","Unknown","ONS 5+1","2018","Year","England, Scotland & Wales","Female","16-64","NQF Below Level 2","?","%","?","?","?","?"
"% in employment","All","ONS 5+1","2018","Year","England, Scotland & Wales","Female","16-64","NQF Below Level 2","62.9","%","1955565","1230345","63.9","61.9"
"% in employment","White","ONS 5+1","2018","Year","England, Scotland & Wales","Female","16-64","Other qualifications","70.4","%","818861","576383","71.9","68.9"
"% in employment","Mixed","ONS 5+1","2018","Year","England, Scotland & Wales","Female","16-64","Other qualifications","?","%","?","?","?","?"
"% in employment","Asian or Asian British","ONS 5+1","2018","Year","England, Scotland & Wales","Female","16-64","Other qualifications","44.8","%","158645","71094","51.1","38.6"
"% in employment","Black or Black British","ONS 5+1","2018","Year","England, Scotland & Wales","Female","16-64","Other qualifications","58.6","%","56847","33328","69.3","47.9"
"% in employment","Other","ONS 5+1","2018","Year","England, Scotland & Wales","Female","16-64","Other qualifications","48.7","%","78838","38428","58.1","39.4"
"% in employment","Other than White","ONS 5+1","2018","Year","England, Scotland & Wales","Female","16-64","Other qualifications","49.3","%","306067","150970","53.9","44.7"
"% in employment","Unknown","ONS 5+1","2018","Year","England, Scotland & Wales","Female","16-64","Other qualifications","?","%","?","?","?","?"
"% in employment","All","ONS 5+1","2018","Year","England, Scotland & Wales","Female","16-64","Other qualifications","64.6","%","1127697","729049","66","63.3"
"% in employment","White","ONS 5+1","2018","Year","England, Scotland & Wales","Female","16-64","No qualifications","40.7","%","1139094","463200","41.9","39.4"
"% in employment","Mixed","ONS 5+1","2018","Year","England, Scotland & Wales","Female","16-64","No qualifications","?","%","?","?","?","?"
"% in employment","Asian or Asian British","ONS 5+1","2018","Year","England, Scotland & Wales","Female","16-64","No qualifications","18.8","%","164453","30992","23.5","14.2"
"% in employment","Black or Black British","ONS 5+1","2018","Year","England, Scotland & Wales","Female","16-64","No qualifications","40.3","%","63373","25519","50.7","29.9"
"% in employment","Other","ONS 5+1","2018","Year","England, Scotland & Wales","Female","16-64","No qualifications","32.7","%","57793","18913","42.6","22.9"
"% in employment","Other than White","ONS 5+1","2018","Year","England, Scotland & Wales","Female","16-64","No qualifications","26.9","%","301614","81144","30.9","22.9"
"% in employment","Unknown","ONS 5+1","2018","Year","England, Scotland & Wales","Female","16-64","No qualifications","?","%","?","?","?","?"
"% in employment","All","ONS 5+1","2018","Year","England, Scotland & Wales","Female","16-64","No qualifications","37.7","%","1442833","544469","38.9","36.6"
"% in employment","White","ONS 5+1","2018","Year","England, Scotland & Wales","Female","16-64","Unknown","51.4","%","35851","18426","59.5","43.3"
"% in employment","Mixed","ONS 5+1","2018","Year","England, Scotland & Wales","Female","16-64","Unknown","?","%","?","?","?","?"
"% in employment","Asian or Asian British","ONS 5+1","2018","Year","England, Scotland & Wales","Female","16-64","Unknown","?","%","?","?","?","?"
"% in employment","Black or Black British","ONS 5+1","2018","Year","England, Scotland & Wales","Female","16-64","Unknown","?","%","?","?","?","?"
"% in employment","Other","ONS 5+1","2018","Year","England, Scotland & Wales","Female","16-64","Unknown","?","%","?","?","?","?"
"% in employment","Other than White","ONS 5+1","2018","Year","England, Scotland & Wales","Female","16-64","Unknown","?","%","?","?","?","?"
"% in employment","Unknown","ONS 5+1","2018","Year","England, Scotland & Wales","Female","16-64","Unknown","?","%","?","?","?","?"
"% in employment","All","ONS 5+1","2018","Year","England, Scotland & Wales","Female","16-64","Unknown","45.6","%","43789","19946","53","38.1"
"% in employment","White","ONS 5+1","2018","Year","England, Scotland & Wales","Female","16-64","All","75.2","%","16023006","12041739","75.5","74.8"
"% in employment","Mixed","ONS 5+1","2018","Year","England, Scotland & Wales","Female","16-64","All","68.3","%","236898","161719","73.3","63.2"
"% in employment","Asian or Asian British","ONS 5+1","2018","Year","England, Scotland & Wales","Female","16-64","All","57.1","%","1295722","740143","59.3","54.9"
"% in employment","Black or Black British","ONS 5+1","2018","Year","England, Scotland & Wales","Female","16-64","All","68.2","%","638118","435251","71.4","65"
"% in employment","Other","ONS 5+1","2018","Year","England, Scotland & Wales","Female","16-64","All","59.2","%","467598","276976","63.1","55.4"
"% in employment","Other than White","ONS 5+1","2018","Year","England, Scotland & Wales","Female","16-64","All","61.2","%","2638336","1614089","62.8","59.6"
"% in employment","Unknown","ONS 5+1","2018","Year","England, Scotland & Wales","Female","16-64","All","?","%","?","?","?","?"
"% in employment","All","ONS 5+1","2018","Year","England, Scotland & Wales","Female","16-64","All","73.2","%","18679486","13666311","73.5","72.9"
"% in employment","White","ONS 5+1","2018","Year","England, Scotland & Wales","All","16-64","NQF Level 4 and above","87.2","%","12687879","11066390","87.5","86.9"
"% in employment","Mixed","ONS 5+1","2018","Year","England, Scotland & Wales","All","16-64","NQF Level 4 and above","85.7","%","208941","178964","90","81.3"
"% in employment","Asian or Asian British","ONS 5+1","2018","Year","England, Scotland & Wales","All","16-64","NQF Level 4 and above","83.7","%","1239288","1037577","85.5","81.9"
"% in employment","Black or Black British","ONS 5+1","2018","Year","England, Scotland & Wales","All","16-64","NQF Level 4 and above","83.5","%","522096","435777","86.3","80.6"
"% in employment","Other","ONS 5+1","2018","Year","England, Scotland & Wales","All","16-64","NQF Level 4 and above","78.4","%","442646","346979","81.8","74.9"
"% in employment","Other than White","ONS 5+1","2018","Year","England, Scotland & Wales","All","16-64","NQF Level 4 and above","82.9","%","2412971","1999297","84.2","81.5"
"% in employment","Unknown","ONS 5+1","2018","Year","England, Scotland & Wales","All","16-64","NQF Level 4 and above","?","%","?","?","?","?"
"% in employment","All","ONS 5+1","2018","Year","England, Scotland & Wales","All","16-64","NQF Level 4 and above","86.5","%","15113629","13076548","86.8","86.2"
"% in employment","White","ONS 5+1","2018","Year","England, Scotland & Wales","All","16-64","NQF Level 3","83.4","%","5778252.5","4817183.5","83.8","82.9"
"% in employment","Mixed","ONS 5+1","2018","Year","England, Scotland & Wales","All","16-64","NQF Level 3","70.6","%","75280.5","53144.5","79.8","61.4"
"% in employment","Asian or Asian British","ONS 5+1","2018","Year","England, Scotland & Wales","All","16-64","NQF Level 3","73.1","%","257342","188027","77.7","68.4"
"% in employment","Black or Black British","ONS 5+1","2018","Year","England, Scotland & Wales","All","16-64","NQF Level 3","74","%","156540","115909.5","80.5","67.6"
"% in employment","Other","ONS 5+1","2018","Year","England, Scotland & Wales","All","16-64","NQF Level 3","63.4","%","65373.5","41470.5","73.7","53.2"
"% in employment","Other than White","ONS 5+1","2018","Year","England, Scotland & Wales","All","16-64","NQF Level 3","71.9","%","554536","398551.5","75.2","68.5"
"% in employment","Unknown","ONS 5+1","2018","Year","England, Scotland & Wales","All","16-64","NQF Level 3","?","%","?","?","?","?"
"% in employment","All","ONS 5+1","2018","Year","England, Scotland & Wales","All","16-64","NQF Level 3","82.4","%","6336239.5","5218889","82.8","81.9"
"% in employment","White","ONS 5+1","2018","Year","England, Scotland & Wales","All","16-64","NQF Level 2","76","%","5573520.5","4233158.5","76.5","75.4"
"% in employment","Mixed","ONS 5+1","2018","Year","England, Scotland & Wales","All","16-64","NQF Level 2","60.6","%","80434.5","48724.5","69.9","51.3"
"% in employment","Asian or Asian British","ONS 5+1","2018","Year","England, Scotland & Wales","All","16-64","NQF Level 2","60.1","%","254405","152887","65.1","55"
"% in employment","Black or Black British","ONS 5+1","2018","Year","England, Scotland & Wales","All","16-64","NQF Level 2","63.1","%","163288","103008.5","69.7","56.5"
"% in employment","Other","ONS 5+1","2018","Year","England, Scotland & Wales","All","16-64","NQF Level 2","65.9","%","63533.5","41871.5","76.3","55.5"
"% in employment","Other than White","ONS 5+1","2018","Year","England, Scotland & Wales","All","16-64","NQF Level 2","61.7","%","561661","346491.5","65.2","58.2"
"% in employment","Unknown","ONS 5+1","2018","Year","England, Scotland & Wales","All","16-64","NQF Level 2","?","%","?","?","?","?"
"% in employment","All","ONS 5+1","2018","Year","England, Scotland & Wales","All","16-64","NQF Level 2","74.7","%","6138631.5","4582761","75.2","74.1"
"% in employment","White","ONS 5+1","2018","Year","England, Scotland & Wales","All","16-64","NQF Below Level 2","71.6","%","3562626","2551983","72.3","70.9"
"% in employment","Mixed","ONS 5+1","2018","Year","England, Scotland & Wales","All","16-64","NQF Below Level 2","60.9","%","38104","23199","74","47.7"
"% in employment","Asian or Asian British","ONS 5+1","2018","Year","England, Scotland & Wales","All","16-64","NQF Below Level 2","57.5","%","194334","111834","63.4","51.7"
"% in employment","Black or Black British","ONS 5+1","2018","Year","England, Scotland & Wales","All","16-64","NQF Below Level 2","61.9","%","98128","60709","70.6","53.2"
"% in employment","Other","ONS 5+1","2018","Year","England, Scotland & Wales","All","16-64","NQF Below Level 2","56.5","%","48762","27569","68.6","44.4"
"% in employment","Other than White","ONS 5+1","2018","Year","England, Scotland & Wales","All","16-64","NQF Below Level 2","58.9","%","379328","223311","63.1","54.6"
"% in employment","Unknown","ONS 5+1","2018","Year","England, Scotland & Wales","All","16-64","NQF Below Level 2","?","%","?","?","?","?"
"% in employment","All","ONS 5+1","2018","Year","England, Scotland & Wales","All","16-64","NQF Below Level 2","70.4","%","3942376","2775716","71.1","69.7"
"% in employment","White","ONS 5+1","2018","Year","England, Scotland & Wales","All","16-64","Other qualifications","78.5","%","1987097","1559938","79.4","77.6"
"% in employment","Mixed","ONS 5+1","2018","Year","England, Scotland & Wales","All","16-64","Other qualifications","?","%","?","?","?","?"
"% in employment","Asian or Asian British","ONS 5+1","2018","Year","England, Scotland & Wales","All","16-64","Other qualifications","65.2","%","327003","213285","69.5","61"
"% in employment","Black or Black British","ONS 5+1","2018","Year","England, Scotland & Wales","All","16-64","Other qualifications","71.4","%","131171","93715","78.2","64.7"
"% in employment","Other","ONS 5+1","2018","Year","England, Scotland & Wales","All","16-64","Other qualifications","65.9","%","164573","108463","72.2","59.6"
"% in employment","Other than White","ONS 5+1","2018","Year","England, Scotland & Wales","All","16-64","Other qualifications","67","%","647919","433833","70","63.9"
"% in employment","Unknown","ONS 5+1","2018","Year","England, Scotland & Wales","All","16-64","Other qualifications","?","%","?","?","?","?"
"% in employment","All","ONS 5+1","2018","Year","England, Scotland & Wales","All","16-64","Other qualifications","75.7","%","2639211","1996893","76.5","74.9"
"% in employment","White","ONS 5+1","2018","Year","England, Scotland & Wales","All","16-64","No qualifications","48.6","%","2431188","1181057","49.5","47.7"
"% in employment","Mixed","ONS 5+1","2018","Year","England, Scotland & Wales","All","16-64","No qualifications","36.4","%","32670","11908","49.7","23.2"
"% in employment","Asian or Asian British","ONS 5+1","2018","Year","England, Scotland & Wales","All","16-64","No qualifications","41.8","%","326329","136459","46.1","37.5"
"% in employment","Black or Black British","ONS 5+1","2018","Year","England, Scotland & Wales","All","16-64","No qualifications","51.2","%","118140","60532","59.1","43.4"
"% in employment","Other","ONS 5+1","2018","Year","England, Scotland & Wales","All","16-64","No qualifications","44.9","%","113494","50923","52.4","37.3"
"% in employment","Other than White","ONS 5+1","2018","Year","England, Scotland & Wales","All","16-64","No qualifications","44","%","590633","259822","47.3","40.7"
"% in employment","Unknown","ONS 5+1","2018","Year","England, Scotland & Wales","All","16-64","No qualifications","?","%","?","?","?","?"
"% in employment","All","ONS 5+1","2018","Year","England, Scotland & Wales","All","16-64","No qualifications","47.7","%","3026951","1442726","48.5","46.8"
"% in employment","White","ONS 5+1","2018","Year","England, Scotland & Wales","All","16-64","Unknown","55.7","%","85720","47721","61","50.3"
"% in employment","Mixed","ONS 5+1","2018","Year","England, Scotland & Wales","All","16-64","Unknown","?","%","?","?","?","?"
"% in employment","Asian or Asian British","ONS 5+1","2018","Year","England, Scotland & Wales","All","16-64","Unknown","?","%","?","?","?","?"
"% in employment","Black or Black British","ONS 5+1","2018","Year","England, Scotland & Wales","All","16-64","Unknown","?","%","?","?","?","?"
"% in employment","Other","ONS 5+1","2018","Year","England, Scotland & Wales","All","16-64","Unknown","?","%","?","?","?","?"
"% in employment","Other than White","ONS 5+1","2018","Year","England, Scotland & Wales","All","16-64","Unknown","?","%","?","?","?","?"
"% in employment","Unknown","ONS 5+1","2018","Year","England, Scotland & Wales","All","16-64","Unknown","?","%","?","?","?","?"
"% in employment","All","ONS 5+1","2018","Year","England, Scotland & Wales","All","16-64","Unknown","55.8","%","104499","58301","60.7","50.8"
"% in employment","White","ONS 5+1","2018","Year","England, Scotland & Wales","All","16-64","All","79.3","%","32106283","25457431","79.5","79.1"
"% in employment","Mixed","ONS 5+1","2018","Year","England, Scotland & Wales","All","16-64","All","72.5","%","461190","334445","76.1","68.9"
"% in employment","Asian or Asian British","ONS 5+1","2018","Year","England, Scotland & Wales","All","16-64","All","70.8","%","2607476","1846048","72.3","69.3"
"% in employment","Black or Black British","ONS 5+1","2018","Year","England, Scotland & Wales","All","16-64","All","73.1","%","1193520","872329","75.3","70.8"
"% in employment","Other","ONS 5+1","2018","Year","England, Scotland & Wales","All","16-64","All","68.8","%","900365","619064","71.4","66.1"
"% in employment","Other than White","ONS 5+1","2018","Year","England, Scotland & Wales","All","16-64","All","71.1","%","5162551","3671886","72.2","70.1"
"% in employment","Unknown","ONS 5+1","2018","Year","England, Scotland & Wales","All","16-64","All","68.9","%","32703","22517","82.4","55.4"
"% in employment","All","ONS 5+1","2018","Year","England, Scotland & Wales","All","16-64","All","78.2","%","37301537","29151834","78.4","77.9"
"% in employment","White","ONS 5+1","2019","Year","England, Scotland & Wales","Male","16-64","NQF Level 4 and above","89.9","%","6069729","5454087","90.3","89.5"
"% in employment","Mixed","ONS 5+1","2019","Year","England, Scotland & Wales","Male","16-64","NQF Level 4 and above","93.5","%","97344","90968","98.2","88.7"
"% in employment","Asian or Asian British","ONS 5+1","2019","Year","England, Scotland & Wales","Male","16-64","NQF Level 4 and above","91.9","%","662347","608630","93.8","90"
"% in employment","Black or Black British","ONS 5+1","2019","Year","England, Scotland & Wales","Male","16-64","NQF Level 4 and above","84.6","%","249300","210907","88.8","80.4"
"% in employment","Other","ONS 5+1","2019","Year","England, Scotland & Wales","Male","16-64","NQF Level 4 and above","90.4","%","202058","182695","94.3","86.6"
"% in employment","Other than White","ONS 5+1","2019","Year","England, Scotland & Wales","Male","16-64","NQF Level 4 and above","90.3","%","1211049","1093200","91.8","88.7"
"% in employment","Unknown","ONS 5+1","2019","Year","England, Scotland & Wales","Male","16-64","NQF Level 4 and above","?","%","?","?","?","?"
"% in employment","All","ONS 5+1","2019","Year","England, Scotland & Wales","Male","16-64","NQF Level 4 and above","89.9","%","7284315","6550824","90.3","89.6"
"% in employment","White","ONS 5+1","2019","Year","England, Scotland & Wales","Male","16-64","NQF Level 3","86.5","%","3100822","2681030","87.1","85.8"
"% in employment","Mixed","ONS 5+1","2019","Year","England, Scotland & Wales","Male","16-64","NQF Level 3","80.9","%","42954","34752","92.2","69.6"
"% in employment","Asian or Asian British","ONS 5+1","2019","Year","England, Scotland & Wales","Male","16-64","NQF Level 3","84.4","%","125938.5","106247.5","90.1","78.6"
"% in employment","Black or Black British","ONS 5+1","2019","Year","England, Scotland & Wales","Male","16-64","NQF Level 3","81.7","%","72207","58964","90.1","73.2"
"% in employment","Other","ONS 5+1","2019","Year","England, Scotland & Wales","Male","16-64","NQF Level 3","?","%","?","?","?","?"
"% in employment","Other than White","ONS 5+1","2019","Year","England, Scotland & Wales","Male","16-64","NQF Level 3","82.4","%","267554.5","220593.5","86.7","78.2"
"% in employment","Unknown","ONS 5+1","2019","Year","England, Scotland & Wales","Male","16-64","NQF Level 3","?","%","?","?","?","?"
"% in employment","All","ONS 5+1","2019","Year","England, Scotland & Wales","Male","16-64","NQF Level 3","86.2","%","3370688.5","2903935.5","86.8","85.6"
"% in employment","White","ONS 5+1","2019","Year","England, Scotland & Wales","Male","16-64","NQF Level 2","82.1","%","2748874","2255902","82.8","81.3"
"% in employment","Mixed","ONS 5+1","2019","Year","England, Scotland & Wales","Male","16-64","NQF Level 2","64","%","32461","20786","78.6","49.5"
"% in employment","Asian or Asian British","ONS 5+1","2019","Year","England, Scotland & Wales","Male","16-64","NQF Level 2","73.3","%","126825.5","92985.5","80.1","66.5"
"% in employment","Black or Black British","ONS 5+1","2019","Year","England, Scotland & Wales","Male","16-64","NQF Level 2","72.7","%","73114","53126","82.9","62.4"
"% in employment","Other","ONS 5+1","2019","Year","England, Scotland & Wales","Male","16-64","NQF Level 2","?","%","?","?","?","?"
"% in employment","Other than White","ONS 5+1","2019","Year","England, Scotland & Wales","Male","16-64","NQF Level 2","71.5","%","267125.5","191126.5","76.5","66.6"
"% in employment","Unknown","ONS 5+1","2019","Year","England, Scotland & Wales","Male","16-64","NQF Level 2","?","%","?","?","?","?"
"% in employment","All","ONS 5+1","2019","Year","England, Scotland & Wales","Male","16-64","NQF Level 2","81.1","%","3016195.5","2447224.5","81.9","80.4"
"% in employment","White","ONS 5+1","2019","Year","England, Scotland & Wales","Male","16-64","NQF Below Level 2","77.6","%","1742310","1352263","78.6","76.6"
"% in employment","Mixed","ONS 5+1","2019","Year","England, Scotland & Wales","Male","16-64","NQF Below Level 2","?","%","?","?","?","?"
"% in employment","Asian or Asian British","ONS 5+1","2019","Year","England, Scotland & Wales","Male","16-64","NQF Below Level 2","75.2","%","94262","70883","82.9","67.5"
"% in employment","Black or Black British","ONS 5+1","2019","Year","England, Scotland & Wales","Male","16-64","NQF Below Level 2","68.7","%","49134","33760","81","56.4"
"% in employment","Other","ONS 5+1","2019","Year","England, Scotland & Wales","Male","16-64","NQF Below Level 2","?","%","?","?","?","?"
"% in employment","Other than White","ONS 5+1","2019","Year","England, Scotland & Wales","Male","16-64","NQF Below Level 2","71.5","%","187590","134219","77.4","65.7"
"% in employment","Unknown","ONS 5+1","2019","Year","England, Scotland & Wales","Male","16-64","NQF Below Level 2","?","%","?","?","?","?"
"% in employment","All","ONS 5+1","2019","Year","England, Scotland & Wales","Male","16-64","NQF Below Level 2","77","%","1929900","1486482","78","76.1"
"% in employment","White","ONS 5+1","2019","Year","England, Scotland & Wales","Male","16-64","Other qualifications","86.3","%","1147903","990856","87.3","85.3"
"% in employment","Mixed","ONS 5+1","2019","Year","England, Scotland & Wales","Male","16-64","Other qualifications","?","%","?","?","?","?"
"% in employment","Asian or Asian British","ONS 5+1","2019","Year","England, Scotland & Wales","Male","16-64","Other qualifications","82.3","%","169132","139150","87.1","77.4"
"% in employment","Black or Black British","ONS 5+1","2019","Year","England, Scotland & Wales","Male","16-64","Other qualifications","82.7","%","65417","54073","91","74.3"
"% in employment","Other","ONS 5+1","2019","Year","England, Scotland & Wales","Male","16-64","Other qualifications","84.9","%","83575","70967","91.8","78"
"% in employment","Other than White","ONS 5+1","2019","Year","England, Scotland & Wales","Male","16-64","Other qualifications","82.7","%","330468","273459","86.3","79.2"
"% in employment","Unknown","ONS 5+1","2019","Year","England, Scotland & Wales","Male","16-64","Other qualifications","?","%","?","?","?","?"
"% in employment","All","ONS 5+1","2019","Year","England, Scotland & Wales","Male","16-64","Other qualifications","85.5","%","1480826","1266405","86.4","84.6"
"% in employment","White","ONS 5+1","2019","Year","England, Scotland & Wales","Male","16-64","No qualifications","54.4","%","1264465","687271","55.7","53"
"% in employment","Mixed","ONS 5+1","2019","Year","England, Scotland & Wales","Male","16-64","No qualifications","?","%","?","?","?","?"
"% in employment","Asian or Asian British","ONS 5+1","2019","Year","England, Scotland & Wales","Male","16-64","No qualifications","67.2","%","170398","114464","73.2","61.1"
"% in employment","Black or Black British","ONS 5+1","2019","Year","England, Scotland & Wales","Male","16-64","No qualifications","53.5","%","58234","31171","65","42.1"
"% in employment","Other","ONS 5+1","2019","Year","England, Scotland & Wales","Male","16-64","No qualifications","58.9","%","56664","33370","70.6","47.2"
"% in employment","Other than White","ONS 5+1","2019","Year","England, Scotland & Wales","Male","16-64","No qualifications","62","%","301747","186937","66.7","57.2"
"% in employment","Unknown","ONS 5+1","2019","Year","England, Scotland & Wales","Male","16-64","No qualifications","?","%","?","?","?","?"
"% in employment","All","ONS 5+1","2019","Year","England, Scotland & Wales","Male","16-64","No qualifications","55.8","%","1567721","874367","57","54.5"
"% in employment","White","ONS 5+1","2019","Year","England, Scotland & Wales","Male","16-64","Unknown","62.7","%","45531","28527","69.8","55.5"
"% in employment","Mixed","ONS 5+1","2019","Year","England, Scotland & Wales","Male","16-64","Unknown","?","%","?","?","?","?"
"% in employment","Asian or Asian British","ONS 5+1","2019","Year","England, Scotland & Wales","Male","16-64","Unknown","?","%","?","?","?","?"
"% in employment","Black or Black British","ONS 5+1","2019","Year","England, Scotland & Wales","Male","16-64","Unknown","?","%","?","?","?","?"
"% in employment","Other","ONS 5+1","2019","Year","England, Scotland & Wales","Male","16-64","Unknown","?","%","?","?","?","?"
"% in employment","Other than White","ONS 5+1","2019","Year","England, Scotland & Wales","Male","16-64","Unknown","?","%","?","?","?","?"
"% in employment","Unknown","ONS 5+1","2019","Year","England, Scotland & Wales","Male","16-64","Unknown","?","%","?","?","?","?"
"% in employment","All","ONS 5+1","2019","Year","England, Scotland & Wales","Male","16-64","Unknown","60.6","%","51999","31530","67.4","53.8"
"% in employment","White","ONS 5+1","2019","Year","England, Scotland & Wales","Male","16-64","All","83.4","%","16119634","13449936","83.7","83.1"
"% in employment","Mixed","ONS 5+1","2019","Year","England, Scotland & Wales","Male","16-64","All","79.9","%","222372","177712","84.8","75"
"% in employment","Asian or Asian British","ONS 5+1","2019","Year","England, Scotland & Wales","Male","16-64","All","83.8","%","1352390","1133660","85.6","82.1"
"% in employment","Black or Black British","ONS 5+1","2019","Year","England, Scotland & Wales","Male","16-64","All","77.9","%","568549","443144","81.1","74.8"
"% in employment","Other","ONS 5+1","2019","Year","England, Scotland & Wales","Male","16-64","All","81.3","%","427992","348022","84.8","77.9"
"% in employment","Other than White","ONS 5+1","2019","Year","England, Scotland & Wales","Male","16-64","All","81.8","%","2571303","2102538","83.1","80.4"
"% in employment","Unknown","ONS 5+1","2019","Year","England, Scotland & Wales","Male","16-64","All","?","%","?","?","?","?"
"% in employment","All","ONS 5+1","2019","Year","England, Scotland & Wales","Male","16-64","All","83.2","%","18701645","15560768","83.5","82.9"
"% in employment","White","ONS 5+1","2019","Year","England, Scotland & Wales","Female","16-64","NQF Level 4 and above","85.3","%","6943590","5923961","85.7","84.9"
"% in employment","Mixed","ONS 5+1","2019","Year","England, Scotland & Wales","Female","16-64","NQF Level 4 and above","82.8","%","122312","101304","88.8","76.9"
"% in employment","Asian or Asian British","ONS 5+1","2019","Year","England, Scotland & Wales","Female","16-64","NQF Level 4 and above","74","%","626905","464101","77","71.1"
"% in employment","Black or Black British","ONS 5+1","2019","Year","England, Scotland & Wales","Female","16-64","NQF Level 4 and above","81.6","%","340644","278127","85.4","77.9"
"% in employment","Other","ONS 5+1","2019","Year","England, Scotland & Wales","Female","16-64","NQF Level 4 and above","73.7","%","250966","184951","78.6","68.8"
"% in employment","Other than White","ONS 5+1","2019","Year","England, Scotland & Wales","Female","16-64","NQF Level 4 and above","76.7","%","1340827","1028483","78.7","74.7"
"% in employment","Unknown","ONS 5+1","2019","Year","England, Scotland & Wales","Female","16-64","NQF Level 4 and above","?","%","?","?","?","?"
"% in employment","All","ONS 5+1","2019","Year","England, Scotland & Wales","Female","16-64","NQF Level 4 and above","83.9","%","8289033","6956514","84.3","83.5"
"% in employment","White","ONS 5+1","2019","Year","England, Scotland & Wales","Female","16-64","NQF Level 3","80.6","%","2581368","2081549.5","81.4","79.9"
"% in employment","Mixed","ONS 5+1","2019","Year","England, Scotland & Wales","Female","16-64","NQF Level 3","74.4","%","29359.5","21845.5","87.9","61"
"% in employment","Asian or Asian British","ONS 5+1","2019","Year","England, Scotland & Wales","Female","16-64","NQF Level 3","58.7","%","140210.5","82343.5","65.8","51.7"
"% in employment","Black or Black British","ONS 5+1","2019","Year","England, Scotland & Wales","Female","16-64","NQF Level 3","73.5","%","88854","65306.5","81.8","65.2"
"% in employment","Other","ONS 5+1","2019","Year","England, Scotland & Wales","Female","16-64","NQF Level 3","57.9","%","38988","22579","71.8","44.1"
"% in employment","Other than White","ONS 5+1","2019","Year","England, Scotland & Wales","Female","16-64","NQF Level 3","64.6","%","297412","192074.5","69.4","59.8"
"% in employment","Unknown","ONS 5+1","2019","Year","England, Scotland & Wales","Female","16-64","NQF Level 3","?","%","?","?","?","?"
"% in employment","All","ONS 5+1","2019","Year","England, Scotland & Wales","Female","16-64","NQF Level 3","79","%","2879516","2273863","79.7","78.2"
"% in employment","White","ONS 5+1","2019","Year","England, Scotland & Wales","Female","16-64","NQF Level 2","71.8","%","2818516","2024962.5","72.7","71"
"% in employment","Mixed","ONS 5+1","2019","Year","England, Scotland & Wales","Female","16-64","NQF Level 2","66","%","36666.5","24214.5","79","53.1"
"% in employment","Asian or Asian British","ONS 5+1","2019","Year","England, Scotland & Wales","Female","16-64","NQF Level 2","51.9","%","143093.5","74280.5","58.8","45"
"% in employment","Black or Black British","ONS 5+1","2019","Year","England, Scotland & Wales","Female","16-64","NQF Level 2","62.8","%","83479","52440.5","72.3","53.4"
"% in employment","Other","ONS 5+1","2019","Year","England, Scotland & Wales","Female","16-64","NQF Level 2","?","%","?","?","?","?"
"% in employment","Other than White","ONS 5+1","2019","Year","England, Scotland & Wales","Female","16-64","NQF Level 2","57.3","%","291172","166943.5","62.3","52.4"
"% in employment","Unknown","ONS 5+1","2019","Year","England, Scotland & Wales","Female","16-64","NQF Level 2","?","%","?","?","?","?"
"% in employment","All","ONS 5+1","2019","Year","England, Scotland & Wales","Female","16-64","NQF Level 2","70.5","%","3111385","2192987","71.3","69.7"
"% in employment","White","ONS 5+1","2019","Year","England, Scotland & Wales","Female","16-64","NQF Below Level 2","64.6","%","1687379","1090088","65.7","63.5"
"% in employment","Mixed","ONS 5+1","2019","Year","England, Scotland & Wales","Female","16-64","NQF Below Level 2","?","%","?","?","?","?"
"% in employment","Asian or Asian British","ONS 5+1","2019","Year","England, Scotland & Wales","Female","16-64","NQF Below Level 2","43.3","%","90027","38963","51.6","35"
"% in employment","Black or Black British","ONS 5+1","2019","Year","England, Scotland & Wales","Female","16-64","NQF Below Level 2","64.9","%","46317","30038","77.4","52.3"
"% in employment","Other","ONS 5+1","2019","Year","England, Scotland & Wales","Female","16-64","NQF Below Level 2","?","%","?","?","?","?"
"% in employment","Other than White","ONS 5+1","2019","Year","England, Scotland & Wales","Female","16-64","NQF Below Level 2","51.5","%","176578","91011","57.8","45.3"
"% in employment","Unknown","ONS 5+1","2019","Year","England, Scotland & Wales","Female","16-64","NQF Below Level 2","?","%","?","?","?","?"
"% in employment","All","ONS 5+1","2019","Year","England, Scotland & Wales","Female","16-64","NQF Below Level 2","63.4","%","1864208","1181283","64.4","62.3"
"% in employment","White","ONS 5+1","2019","Year","England, Scotland & Wales","Female","16-64","Other qualifications","71.6","%","805692","576589","73.1","70"
"% in employment","Mixed","ONS 5+1","2019","Year","England, Scotland & Wales","Female","16-64","Other qualifications","?","%","?","?","?","?"
"% in employment","Asian or Asian British","ONS 5+1","2019","Year","England, Scotland & Wales","Female","16-64","Other qualifications","48.6","%","174104","84606","54.8","42.4"
"% in employment","Black or Black British","ONS 5+1","2019","Year","England, Scotland & Wales","Female","16-64","Other qualifications","67.9","%","59518","40393","77.8","58"
"% in employment","Other","ONS 5+1","2019","Year","England, Scotland & Wales","Female","16-64","Other qualifications","47.3","%","76299","36104","56.6","38"
"% in employment","Other than White","ONS 5+1","2019","Year","England, Scotland & Wales","Female","16-64","Other qualifications","53.2","%","322854","171873","57.8","48.7"
"% in employment","Unknown","ONS 5+1","2019","Year","England, Scotland & Wales","Female","16-64","Other qualifications","?","%","?","?","?","?"
"% in employment","All","ONS 5+1","2019","Year","England, Scotland & Wales","Female","16-64","Other qualifications","66.3","%","1129353","748565","67.7","64.9"
"% in employment","White","ONS 5+1","2019","Year","England, Scotland & Wales","Female","16-64","No qualifications","41","%","1114237","456839","42.3","39.7"
"% in employment","Mixed","ONS 5+1","2019","Year","England, Scotland & Wales","Female","16-64","No qualifications","?","%","?","?","?","?"
"% in employment","Asian or Asian British","ONS 5+1","2019","Year","England, Scotland & Wales","Female","16-64","No qualifications","21.8","%","174352","37992","26.8","16.8"
"% in employment","Black or Black British","ONS 5+1","2019","Year","England, Scotland & Wales","Female","16-64","No qualifications","35.3","%","58250","20571","45.9","24.7"
"% in employment","Other","ONS 5+1","2019","Year","England, Scotland & Wales","Female","16-64","No qualifications","27","%","56980","15362","36.8","17.1"
"% in employment","Other than White","ONS 5+1","2019","Year","England, Scotland & Wales","Female","16-64","No qualifications","25.5","%","304233","77635","29.6","21.5"
"% in employment","Unknown","ONS 5+1","2019","Year","England, Scotland & Wales","Female","16-64","No qualifications","?","%","?","?","?","?"
"% in employment","All","ONS 5+1","2019","Year","England, Scotland & Wales","Female","16-64","No qualifications","37.7","%","1419406","534796","38.9","36.5"
"% in employment","White","ONS 5+1","2019","Year","England, Scotland & Wales","Female","16-64","Unknown","49","%","33700","16523","57.5","40.6"
"% in employment","Mixed","ONS 5+1","2019","Year","England, Scotland & Wales","Female","16-64","Unknown","?","%","?","?","?","?"
"% in employment","Asian or Asian British","ONS 5+1","2019","Year","England, Scotland & Wales","Female","16-64","Unknown","?","%","?","?","?","?"
"% in employment","Black or Black British","ONS 5+1","2019","Year","England, Scotland & Wales","Female","16-64","Unknown","?","%","?","?","?","?"
"% in employment","Other","ONS 5+1","2019","Year","England, Scotland & Wales","Female","16-64","Unknown","?","%","?","?","?","?"
"% in employment","Other than White","ONS 5+1","2019","Year","England, Scotland & Wales","Female","16-64","Unknown","?","%","?","?","?","?"
"% in employment","Unknown","ONS 5+1","2019","Year","England, Scotland & Wales","Female","16-64","Unknown","?","%","?","?","?","?"
"% in employment","All","ONS 5+1","2019","Year","England, Scotland & Wales","Female","16-64","Unknown","45.9","%","41256","18945","53.6","38.2"
"% in employment","White","ONS 5+1","2019","Year","England, Scotland & Wales","Female","16-64","All","76.1","%","15984482","12170512","76.5","75.8"
"% in employment","Mixed","ONS 5+1","2019","Year","England, Scotland & Wales","Female","16-64","All","73.2","%","233032","170504","78.1","68.3"
"% in employment","Asian or Asian British","ONS 5+1","2019","Year","England, Scotland & Wales","Female","16-64","All","58","%","1350669","783235","60.2","55.8"
"% in employment","Black or Black British","ONS 5+1","2019","Year","England, Scotland & Wales","Female","16-64","All","71.8","%","679265","487590","74.8","68.7"
"% in employment","Other","ONS 5+1","2019","Year","England, Scotland & Wales","Female","16-64","All","60.8","%","475711","289113","64.6","56.9"
"% in employment","Other than White","ONS 5+1","2019","Year","England, Scotland & Wales","Female","16-64","All","63.2","%","2738677","1730442","64.7","61.6"
"% in employment","Unknown","ONS 5+1","2019","Year","England, Scotland & Wales","Female","16-64","All","?","%","?","?","?","?"
"% in employment","All","ONS 5+1","2019","Year","England, Scotland & Wales","Female","16-64","All","74.2","%","18734157","13906953","74.5","73.9"
"% in employment","White","ONS 5+1","2019","Year","England, Scotland & Wales","All","16-64","NQF Level 4 and above","87.4","%","13013319","11378048","87.7","87.1"
"% in employment","Mixed","ONS 5+1","2019","Year","England, Scotland & Wales","All","16-64","NQF Level 4 and above","87.5","%","219656","192272","91.6","83.5"
"% in employment","Asian or Asian British","ONS 5+1","2019","Year","England, Scotland & Wales","All","16-64","NQF Level 4 and above","83.2","%","1289252","1072731","85","81.4"
"% in employment","Black or Black British","ONS 5+1","2019","Year","England, Scotland & Wales","All","16-64","NQF Level 4 and above","82.9","%","589944","489034","85.7","80.1"
"% in employment","Other","ONS 5+1","2019","Year","England, Scotland & Wales","All","16-64","NQF Level 4 and above","81.2","%","453024","367646","84.4","77.9"
"% in employment","Other than White","ONS 5+1","2019","Year","England, Scotland & Wales","All","16-64","NQF Level 4 and above","83.1","%","2551876","2121683","84.5","81.8"
"% in employment","Unknown","ONS 5+1","2019","Year","England, Scotland & Wales","All","16-64","NQF Level 4 and above","?","%","?","?","?","?"
"% in employment","All","ONS 5+1","2019","Year","England, Scotland & Wales","All","16-64","NQF Level 4 and above","86.7","%","15573348","13507338","87","86.5"
"% in employment","White","ONS 5+1","2019","Year","England, Scotland & Wales","All","16-64","NQF Level 3","83.8","%","5682190","4762579.5","84.3","83.3"
"% in employment","Mixed","ONS 5+1","2019","Year","England, Scotland & Wales","All","16-64","NQF Level 3","78.3","%","72313.5","56597.5","86.9","69.6"
"% in employment","Asian or Asian British","ONS 5+1","2019","Year","England, Scotland & Wales","All","16-64","NQF Level 3","70.9","%","266149","188591","75.7","66"
"% in employment","Black or Black British","ONS 5+1","2019","Year","England, Scotland & Wales","All","16-64","NQF Level 3","77.2","%","161061","124270.5","83.1","71.2"
"% in employment","Other","ONS 5+1","2019","Year","England, Scotland & Wales","All","16-64","NQF Level 3","66","%","65443","43209","76.5","55.6"
"% in employment","Other than White","ONS 5+1","2019","Year","England, Scotland & Wales","All","16-64","NQF Level 3","73","%","564966.5","412668","76.3","69.7"
"% in employment","Unknown","ONS 5+1","2019","Year","England, Scotland & Wales","All","16-64","NQF Level 3","?","%","?","?","?","?"
"% in employment","All","ONS 5+1","2019","Year","England, Scotland & Wales","All","16-64","NQF Level 3","82.8","%","6250204.5","5177798.5","83.3","82.4"
"% in employment","White","ONS 5+1","2019","Year","England, Scotland & Wales","All","16-64","NQF Level 2","76.9","%","5567390","4280864.5","77.4","76.3"
"% in employment","Mixed","ONS 5+1","2019","Year","England, Scotland & Wales","All","16-64","NQF Level 2","65.1","%","69127.5","45000.5","74.8","55.4"
"% in employment","Asian or Asian British","ONS 5+1","2019","Year","England, Scotland & Wales","All","16-64","NQF Level 2","62","%","269919","167266","67","57"
"% in employment","Black or Black British","ONS 5+1","2019","Year","England, Scotland & Wales","All","16-64","NQF Level 2","67.4","%","156593","105566.5","74.4","60.4"
"% in employment","Other","ONS 5+1","2019","Year","England, Scotland & Wales","All","16-64","NQF Level 2","64.2","%","62658","40237","75.4","53.1"
"% in employment","Other than White","ONS 5+1","2019","Year","England, Scotland & Wales","All","16-64","NQF Level 2","64.1","%","558297.5","358070","67.7","60.6"
"% in employment","Unknown","ONS 5+1","2019","Year","England, Scotland & Wales","All","16-64","NQF Level 2","?","%","?","?","?","?"
"% in employment","All","ONS 5+1","2019","Year","England, Scotland & Wales","All","16-64","NQF Level 2","75.7","%","6127580.5","4640211.5","76.3","75.2"
"% in employment","White","ONS 5+1","2019","Year","England, Scotland & Wales","All","16-64","NQF Below Level 2","71.2","%","3429689","2442351","72","70.5"
"% in employment","Mixed","ONS 5+1","2019","Year","England, Scotland & Wales","All","16-64","NQF Below Level 2","60.1","%","35777","21506","73.9","46.4"
"% in employment","Asian or Asian British","ONS 5+1","2019","Year","England, Scotland & Wales","All","16-64","NQF Below Level 2","59.6","%","184289","109846","65.6","53.6"
"% in employment","Black or Black British","ONS 5+1","2019","Year","England, Scotland & Wales","All","16-64","NQF Below Level 2","66.8","%","95451","63798","75.6","58"
"% in employment","Other","ONS 5+1","2019","Year","England, Scotland & Wales","All","16-64","NQF Below Level 2","61.8","%","48651","30080","74.5","49.1"
"% in employment","Other than White","ONS 5+1","2019","Year","England, Scotland & Wales","All","16-64","NQF Below Level 2","61.8","%","364168","225230","66.2","57.5"
"% in employment","Unknown","ONS 5+1","2019","Year","England, Scotland & Wales","All","16-64","NQF Below Level 2","?","%","?","?","?","?"
"% in employment","All","ONS 5+1","2019","Year","England, Scotland & Wales","All","16-64","NQF Below Level 2","70.3","%","3794108","2667765","71","69.6"
"% in employment","White","ONS 5+1","2019","Year","England, Scotland & Wales","All","16-64","Other qualifications","80.2","%","1953595","1567445","81.1","79.3"
"% in employment","Mixed","ONS 5+1","2019","Year","England, Scotland & Wales","All","16-64","Other qualifications","?","%","?","?","?","?"
"% in employment","Asian or Asian British","ONS 5+1","2019","Year","England, Scotland & Wales","All","16-64","Other qualifications","65.2","%","343236","223756","69.4","61"
"% in employment","Black or Black British","ONS 5+1","2019","Year","England, Scotland & Wales","All","16-64","Other qualifications","75.6","%","124935","94466","82.2","69"
"% in employment","Other","ONS 5+1","2019","Year","England, Scotland & Wales","All","16-64","Other qualifications","67","%","159874","107071","73.3","60.7"
"% in employment","Other than White","ONS 5+1","2019","Year","England, Scotland & Wales","All","16-64","Other qualifications","68.2","%","653322","445332","71.2","65.1"
"% in employment","Unknown","ONS 5+1","2019","Year","England, Scotland & Wales","All","16-64","Other qualifications","?","%","?","?","?","?"
"% in employment","All","ONS 5+1","2019","Year","England, Scotland & Wales","All","16-64","Other qualifications","77.2","%","2610179","2014970","78","76.4"
"% in employment","White","ONS 5+1","2019","Year","England, Scotland & Wales","All","16-64","No qualifications","48.1","%","2378702","1144110","49.1","47.1"
"% in employment","Mixed","ONS 5+1","2019","Year","England, Scotland & Wales","All","16-64","No qualifications","37.4","%","31102","11642","51","23.9"
"% in employment","Asian or Asian British","ONS 5+1","2019","Year","England, Scotland & Wales","All","16-64","No qualifications","44.2","%","344750","152456","48.6","39.8"
"% in employment","Black or Black British","ONS 5+1","2019","Year","England, Scotland & Wales","All","16-64","No qualifications","44.4","%","116484","51742","52.4","36.5"
"% in employment","Other","ONS 5+1","2019","Year","England, Scotland & Wales","All","16-64","No qualifications","42.9","%","113644","48732","50.9","34.9"
"% in employment","Other than White","ONS 5+1","2019","Year","England, Scotland & Wales","All","16-64","No qualifications","43.7","%","605980","264572","47","40.3"
"% in employment","Unknown","ONS 5+1","2019","Year","England, Scotland & Wales","All","16-64","No qualifications","?","%","?","?","?","?"
"% in employment","All","ONS 5+1","2019","Year","England, Scotland & Wales","All","16-64","No qualifications","47.2","%","2987127","1409163","48","46.3"
"% in employment","White","ONS 5+1","2019","Year","England, Scotland & Wales","All","16-64","Unknown","56.9","%","79231","45050","62.4","51.4"
"% in employment","Mixed","ONS 5+1","2019","Year","England, Scotland & Wales","All","16-64","Unknown","?","%","?","?","?","?"
"% in employment","Asian or Asian British","ONS 5+1","2019","Year","England, Scotland & Wales","All","16-64","Unknown","?","%","?","?","?","?"
"% in employment","Black or Black British","ONS 5+1","2019","Year","England, Scotland & Wales","All","16-64","Unknown","?","%","?","?","?","?"
"% in employment","Other","ONS 5+1","2019","Year","England, Scotland & Wales","All","16-64","Unknown","?","%","?","?","?","?"
"% in employment","Other than White","ONS 5+1","2019","Year","England, Scotland & Wales","All","16-64","Unknown","?","%","?","?","?","?"
"% in employment","Unknown","ONS 5+1","2019","Year","England, Scotland & Wales","All","16-64","Unknown","?","%","?","?","?","?"
"% in employment","All","ONS 5+1","2019","Year","England, Scotland & Wales","All","16-64","Unknown","54.1","%","93255","50475","59.3","49"
"% in employment","White","ONS 5+1","2019","Year","England, Scotland & Wales","All","16-64","All","79.8","%","32104116","25620448","80","79.6"
"% in employment","Mixed","ONS 5+1","2019","Year","England, Scotland & Wales","All","16-64","All","76.5","%","455404","348216","79.9","73"
"% in employment","Asian or Asian British","ONS 5+1","2019","Year","England, Scotland & Wales","All","16-64","All","70.9","%","2703059","1916895","72.4","69.4"
"% in employment","Black or Black British","ONS 5+1","2019","Year","England, Scotland & Wales","All","16-64","All","74.6","%","1247814","930734","76.8","72.4"
"% in employment","Other","ONS 5+1","2019","Year","England, Scotland & Wales","All","16-64","All","70.5","%","903703","637135","73.2","67.8"
"% in employment","Other than White","ONS 5+1","2019","Year","England, Scotland & Wales","All","16-64","All","72.2","%","5309980","3832980","73.3","71.1"
"% in employment","Unknown","ONS 5+1","2019","Year","England, Scotland & Wales","All","16-64","All","?","%","?","?","?","?"
"% in employment","All","ONS 5+1","2019","Year","England, Scotland & Wales","All","16-64","All","78.7","%","37435802","29467721","78.9","78.5"
"% in employment","White","ONS 5+1","2020","Year","England, Scotland & Wales","Male","16-64","NQF Level 4 and above","89.2","%","6520055","5814754","89.6","88.7"
"% in employment","Mixed","ONS 5+1","2020","Year","England, Scotland & Wales","Male","16-64","NQF Level 4 and above","91.8","%","119533","109704","97.3","86.3"
"% in employment","Asian or Asian British","ONS 5+1","2020","Year","England, Scotland & Wales","Male","16-64","NQF Level 4 and above","91","%","720882","656258","93.4","88.7"
"% in employment","Black or Black British","ONS 5+1","2020","Year","England, Scotland & Wales","Male","16-64","NQF Level 4 and above","81.1","%","258349","209609","86.7","75.6"
"% in employment","Other","ONS 5+1","2020","Year","England, Scotland & Wales","Male","16-64","NQF Level 4 and above","87.6","%","239999","210271","92.6","82.7"
"% in employment","Other than White","ONS 5+1","2020","Year","England, Scotland & Wales","Male","16-64","NQF Level 4 and above","88.6","%","1338763","1185842","90.5","86.6"
"% in employment","Unknown","ONS 5+1","2020","Year","England, Scotland & Wales","Male","16-64","NQF Level 4 and above","?","%","?","?","?","?"
"% in employment","All","ONS 5+1","2020","Year","England, Scotland & Wales","Male","16-64","NQF Level 4 and above","89.1","%","7864420","7006198","89.5","88.7"
"% in employment","White","ONS 5+1","2020","Year","England, Scotland & Wales","Male","16-64","NQF Level 3","85.8","%","3046139","2613446.5","86.5","85.1"
"% in employment","Mixed","ONS 5+1","2020","Year","England, Scotland & Wales","Male","16-64","NQF Level 3","?","%","?","?","?","?"
"% in employment","Asian or Asian British","ONS 5+1","2020","Year","England, Scotland & Wales","Male","16-64","NQF Level 3","80.3","%","122724","98503","88.2","72.3"
"% in employment","Black or Black British","ONS 5+1","2020","Year","England, Scotland & Wales","Male","16-64","NQF Level 3","?","%","?","?","?","?"
"% in employment","Other","ONS 5+1","2020","Year","England, Scotland & Wales","Male","16-64","NQF Level 3","?","%","?","?","?","?"
"% in employment","Other than White","ONS 5+1","2020","Year","England, Scotland & Wales","Male","16-64","NQF Level 3","80.1","%","250089","200280","85.7","74.5"
"% in employment","Unknown","ONS 5+1","2020","Year","England, Scotland & Wales","Male","16-64","NQF Level 3","?","%","?","?","?","?"
"% in employment","All","ONS 5+1","2020","Year","England, Scotland & Wales","Male","16-64","NQF Level 3","85.4","%","3297740","2814711.5","86.1","84.6"
"% in employment","White","ONS 5+1","2020","Year","England, Scotland & Wales","Male","16-64","NQF Level 2","79","%","2768515","2186184.5","79.8","78.1"
"% in employment","Mixed","ONS 5+1","2020","Year","England, Scotland & Wales","Male","16-64","NQF Level 2","?","%","?","?","?","?"
"% in employment","Asian or Asian British","ONS 5+1","2020","Year","England, Scotland & Wales","Male","16-64","NQF Level 2","65.1","%","98988","64407","74.8","55.4"
"% in employment","Black or Black British","ONS 5+1","2020","Year","England, Scotland & Wales","Male","16-64","NQF Level 2","62.5","%","58702","36666.5","77","47.9"
"% in employment","Other","ONS 5+1","2020","Year","England, Scotland & Wales","Male","16-64","NQF Level 2","?","%","?","?","?","?"
"% in employment","Other than White","ONS 5+1","2020","Year","England, Scotland & Wales","Male","16-64","NQF Level 2","64.8","%","226178","146648","71.5","58.2"
"% in employment","Unknown","ONS 5+1","2020","Year","England, Scotland & Wales","Male","16-64","NQF Level 2","?","%","?","?","?","?"
"% in employment","All","ONS 5+1","2020","Year","England, Scotland & Wales","Male","16-64","NQF Level 2","77.9","%","2996329","2334186.5","78.8","77"
"% in employment","White","ONS 5+1","2020","Year","England, Scotland & Wales","Male","16-64","NQF Below Level 2","75.9","%","1726351","1309947","77.1","74.7"
"% in employment","Mixed","ONS 5+1","2020","Year","England, Scotland & Wales","Male","16-64","NQF Below Level 2","?","%","?","?","?","?"
"% in employment","Asian or Asian British","ONS 5+1","2020","Year","England, Scotland & Wales","Male","16-64","NQF Below Level 2","72","%","81110","58415","82.7","61.4"
"% in employment","Black or Black British","ONS 5+1","2020","Year","England, Scotland & Wales","Male","16-64","NQF Below Level 2","?","%","?","?","?","?"
"% in employment","Other","ONS 5+1","2020","Year","England, Scotland & Wales","Male","16-64","NQF Below Level 2","?","%","?","?","?","?"
"% in employment","Other than White","ONS 5+1","2020","Year","England, Scotland & Wales","Male","16-64","NQF Below Level 2","65.4","%","166475","108805","73.3","57.4"
"% in employment","Unknown","ONS 5+1","2020","Year","England, Scotland & Wales","Male","16-64","NQF Below Level 2","?","%","?","?","?","?"
"% in employment","All","ONS 5+1","2020","Year","England, Scotland & Wales","Male","16-64","NQF Below Level 2","75","%","1892826","1418752","76.1","73.8"
"% in employment","White","ONS 5+1","2020","Year","England, Scotland & Wales","Male","16-64","Other qualifications","81.8","%","1011841","827939","83.2","80.4"
"% in employment","Mixed","ONS 5+1","2020","Year","England, Scotland & Wales","Male","16-64","Other qualifications","?","%","?","?","?","?"
"% in employment","Asian or Asian British","ONS 5+1","2020","Year","England, Scotland & Wales","Male","16-64","Other qualifications","86.8","%","152576","132388","92.6","80.9"
"% in employment","Black or Black British","ONS 5+1","2020","Year","England, Scotland & Wales","Male","16-64","Other qualifications","78.2","%","63246","49438","89.9","66.4"
"% in employment","Other","ONS 5+1","2020","Year","England, Scotland & Wales","Male","16-64","Other qualifications","77.4","%","56556","43794","88.9","65.9"
"% in employment","Other than White","ONS 5+1","2020","Year","England, Scotland & Wales","Male","16-64","Other qualifications","81.8","%","287903","235523","86.7","76.9"
"% in employment","Unknown","ONS 5+1","2020","Year","England, Scotland & Wales","Male","16-64","Other qualifications","?","%","?","?","?","?"
"% in employment","All","ONS 5+1","2020","Year","England, Scotland & Wales","Male","16-64","Other qualifications","81.9","%","1303491","1067145","83.1","80.6"
"% in employment","White","ONS 5+1","2020","Year","England, Scotland & Wales","Male","16-64","No qualifications","52","%","1108754","576684","53.7","50.3"
"% in employment","Mixed","ONS 5+1","2020","Year","England, Scotland & Wales","Male","16-64","No qualifications","?","%","?","?","?","?"
"% in employment","Asian or Asian British","ONS 5+1","2020","Year","England, Scotland & Wales","Male","16-64","No qualifications","58.6","%","120602","70681","68","49.2"
"% in employment","Black or Black British","ONS 5+1","2020","Year","England, Scotland & Wales","Male","16-64","No qualifications","?","%","?","?","?","?"
"% in employment","Other","ONS 5+1","2020","Year","England, Scotland & Wales","Male","16-64","No qualifications","?","%","?","?","?","?"
"% in employment","Other than White","ONS 5+1","2020","Year","England, Scotland & Wales","Male","16-64","No qualifications","51.8","%","214366","111131","59.1","44.6"
"% in employment","Unknown","ONS 5+1","2020","Year","England, Scotland & Wales","Male","16-64","No qualifications","?","%","?","?","?","?"
"% in employment","All","ONS 5+1","2020","Year","England, Scotland & Wales","Male","16-64","No qualifications","52","%","1324079","688567","53.6","50.4"
"% in employment","White","ONS 5+1","2020","Year","England, Scotland & Wales","Male","16-64","Unknown","54.8","%","36180","19843","64.3","45.4"
"% in employment","Mixed","ONS 5+1","2020","Year","England, Scotland & Wales","Male","16-64","Unknown","?","%","?","?","?","?"
"% in employment","Asian or Asian British","ONS 5+1","2020","Year","England, Scotland & Wales","Male","16-64","Unknown","?","%","?","?","?","?"
"% in employment","Black or Black British","ONS 5+1","2020","Year","England, Scotland & Wales","Male","16-64","Unknown","?","%","?","?","?","?"
"% in employment","Other","ONS 5+1","2020","Year","England, Scotland & Wales","Male","16-64","Unknown","?","%","?","?","?","?"
"% in employment","Other than White","ONS 5+1","2020","Year","England, Scotland & Wales","Male","16-64","Unknown","?","%","?","?","?","?"
"% in employment","Unknown","ONS 5+1","2020","Year","England, Scotland & Wales","Male","16-64","Unknown","?","%","?","?","?","?"
"% in employment","All","ONS 5+1","2020","Year","England, Scotland & Wales","Male","16-64","Unknown","47.5","%","48662","23134","56.2","38.9"
"% in employment","White","ONS 5+1","2020","Year","England, Scotland & Wales","Male","16-64","All","82.3","%","16217835","13348798","82.7","82"
"% in employment","Mixed","ONS 5+1","2020","Year","England, Scotland & Wales","Male","16-64","All","75.7","%","257155","194539","81.4","69.9"
"% in employment","Asian or Asian British","ONS 5+1","2020","Year","England, Scotland & Wales","Male","16-64","All","83.3","%","1300408","1083175","85.5","81"
"% in employment","Black or Black British","ONS 5+1","2020","Year","England, Scotland & Wales","Male","16-64","All","74.1","%","517256","383193","78.4","69.7"
"% in employment","Other","ONS 5+1","2020","Year","England, Scotland & Wales","Male","16-64","All","79.3","%","416991","330613","83.8","74.8"
"% in employment","Other than White","ONS 5+1","2020","Year","England, Scotland & Wales","Male","16-64","All","79.9","%","2491810","1991520","81.7","78.2"
"% in employment","Unknown","ONS 5+1","2020","Year","England, Scotland & Wales","Male","16-64","All","?","%","?","?","?","?"
"% in employment","All","ONS 5+1","2020","Year","England, Scotland & Wales","Male","16-64","All","82","%","18727547","15352694","82.3","81.6"
"% in employment","White","ONS 5+1","2020","Year","England, Scotland & Wales","Female","16-64","NQF Level 4 and above","84.7","%","7399599","6270574","85.2","84.3"
"% in employment","Mixed","ONS 5+1","2020","Year","England, Scotland & Wales","Female","16-64","NQF Level 4 and above","88.6","%","153567","135998","93.8","83.3"
"% in employment","Asian or Asian British","ONS 5+1","2020","Year","England, Scotland & Wales","Female","16-64","NQF Level 4 and above","73.7","%","651568","479918","77.2","70.1"
"% in employment","Black or Black British","ONS 5+1","2020","Year","England, Scotland & Wales","Female","16-64","NQF Level 4 and above","80.6","%","385889","311136","85.1","76.2"
"% in employment","Other","ONS 5+1","2020","Year","England, Scotland & Wales","Female","16-64","NQF Level 4 and above","76.2","%","262754","200234","81.7","70.7"
"% in employment","Other than White","ONS 5+1","2020","Year","England, Scotland & Wales","Female","16-64","NQF Level 4 and above","77.5","%","1453778","1127286","79.8","75.2"
"% in employment","Unknown","ONS 5+1","2020","Year","England, Scotland & Wales","Female","16-64","NQF Level 4 and above","?","%","?","?","?","?"
"% in employment","All","ONS 5+1","2020","Year","England, Scotland & Wales","Female","16-64","NQF Level 4 and above","83.6","%","8859808","7403921","84","83.1"
"% in employment","White","ONS 5+1","2020","Year","England, Scotland & Wales","Female","16-64","NQF Level 3","79.6","%","2648708.5","2107867.5","80.4","78.7"
"% in employment","Mixed","ONS 5+1","2020","Year","England, Scotland & Wales","Female","16-64","NQF Level 3","?","%","?","?","?","?"
"% in employment","Asian or Asian British","ONS 5+1","2020","Year","England, Scotland & Wales","Female","16-64","NQF Level 3","68.9","%","134836.5","92842","77.1","60.6"
"% in employment","Black or Black British","ONS 5+1","2020","Year","England, Scotland & Wales","Female","16-64","NQF Level 3","72.8","%","84554.5","61561","83.3","62.3"
"% in employment","Other","ONS 5+1","2020","Year","England, Scotland & Wales","Female","16-64","NQF Level 3","?","%","?","?","?","?"
"% in employment","Other than White","ONS 5+1","2020","Year","England, Scotland & Wales","Female","16-64","NQF Level 3","71.4","%","300194.5","214306","76.9","65.9"
"% in employment","Unknown","ONS 5+1","2020","Year","England, Scotland & Wales","Female","16-64","NQF Level 3","?","%","?","?","?","?"
"% in employment","All","ONS 5+1","2020","Year","England, Scotland & Wales","Female","16-64","NQF Level 3","78.8","%","2950331","2323514.5","79.6","77.9"
"% in employment","White","ONS 5+1","2020","Year","England, Scotland & Wales","Female","16-64","NQF Level 2","70.1","%","2739952.5","1921503.5","71.1","69.2"
"% in employment","Mixed","ONS 5+1","2020","Year","England, Scotland & Wales","Female","16-64","NQF Level 2","?","%","?","?","?","?"
"% in employment","Asian or Asian British","ONS 5+1","2020","Year","England, Scotland & Wales","Female","16-64","NQF Level 2","46.8","%","119433.5","55887","55.9","37.7"
"% in employment","Black or Black British","ONS 5+1","2020","Year","England, Scotland & Wales","Female","16-64","NQF Level 2","59.3","%","80514.5","47714","71.3","47.2"
"% in employment","Other","ONS 5+1","2020","Year","England, Scotland & Wales","Female","16-64","NQF Level 2","?","%","?","?","?","?"
"% in employment","Other than White","ONS 5+1","2020","Year","England, Scotland & Wales","Female","16-64","NQF Level 2","52","%","259082.5","134786","58.4","45.6"
"% in employment","Unknown","ONS 5+1","2020","Year","England, Scotland & Wales","Female","16-64","NQF Level 2","?","%","?","?","?","?"
"% in employment","All","ONS 5+1","2020","Year","England, Scotland & Wales","Female","16-64","NQF Level 2","68.6","%","3000130","2057009.5","69.5","67.6"
"% in employment","White","ONS 5+1","2020","Year","England, Scotland & Wales","Female","16-64","NQF Below Level 2","63.6","%","1586376","1008579","64.9","62.3"
"% in employment","Mixed","ONS 5+1","2020","Year","England, Scotland & Wales","Female","16-64","NQF Below Level 2","?","%","?","?","?","?"
"% in employment","Asian or Asian British","ONS 5+1","2020","Year","England, Scotland & Wales","Female","16-64","NQF Below Level 2","44","%","81368","35767","54.9","33.1"
"% in employment","Black or Black British","ONS 5+1","2020","Year","England, Scotland & Wales","Female","16-64","NQF Below Level 2","?","%","?","?","?","?"
"% in employment","Other","ONS 5+1","2020","Year","England, Scotland & Wales","Female","16-64","NQF Below Level 2","?","%","?","?","?","?"
"% in employment","Other than White","ONS 5+1","2020","Year","England, Scotland & Wales","Female","16-64","NQF Below Level 2","47","%","163181","76723","55.1","39"
"% in employment","Unknown","ONS 5+1","2020","Year","England, Scotland & Wales","Female","16-64","NQF Below Level 2","?","%","?","?","?","?"
"% in employment","All","ONS 5+1","2020","Year","England, Scotland & Wales","Female","16-64","NQF Below Level 2","62","%","1750121","1085302","63.3","60.8"
"% in employment","White","ONS 5+1","2020","Year","England, Scotland & Wales","Female","16-64","Other qualifications","72","%","672863","484411","73.9","70.1"
"% in employment","Mixed","ONS 5+1","2020","Year","England, Scotland & Wales","Female","16-64","Other qualifications","?","%","?","?","?","?"
"% in employment","Asian or Asian British","ONS 5+1","2020","Year","England, Scotland & Wales","Female","16-64","Other qualifications","56","%","145769","81686","64.3","47.8"
"% in employment","Black or Black British","ONS 5+1","2020","Year","England, Scotland & Wales","Female","16-64","Other qualifications","66.1","%","67479","44608","78.8","53.4"
"% in employment","Other","ONS 5+1","2020","Year","England, Scotland & Wales","Female","16-64","Other qualifications","49","%","64513","31610","61.9","36.1"
"% in employment","Other than White","ONS 5+1","2020","Year","England, Scotland & Wales","Female","16-64","Other qualifications","57.9","%","295669","171068","63.8","51.9"
"% in employment","Unknown","ONS 5+1","2020","Year","England, Scotland & Wales","Female","16-64","Other qualifications","?","%","?","?","?","?"
"% in employment","All","ONS 5+1","2020","Year","England, Scotland & Wales","Female","16-64","Other qualifications","67.7","%","970528","656607","69.4","65.9"
"% in employment","White","ONS 5+1","2020","Year","England, Scotland & Wales","Female","16-64","No qualifications","39.1","%","909748","355403","40.8","37.4"
"% in employment","Mixed","ONS 5+1","2020","Year","England, Scotland & Wales","Female","16-64","No qualifications","?","%","?","?","?","?"
"% in employment","Asian or Asian British","ONS 5+1","2020","Year","England, Scotland & Wales","Female","16-64","No qualifications","23.3","%","129094","30134","30.7","16"
"% in employment","Black or Black British","ONS 5+1","2020","Year","England, Scotland & Wales","Female","16-64","No qualifications","39.2","%","55576","21789","53.8","24.6"
"% in employment","Other","ONS 5+1","2020","Year","England, Scotland & Wales","Female","16-64","No qualifications","22.9","%","40948","9357","35.4","10.3"
"% in employment","Other than White","ONS 5+1","2020","Year","England, Scotland & Wales","Female","16-64","No qualifications","27.8","%","234281","65060","33.7","21.9"
"% in employment","Unknown","ONS 5+1","2020","Year","England, Scotland & Wales","Female","16-64","No qualifications","?","%","?","?","?","?"
"% in employment","All","ONS 5+1","2020","Year","England, Scotland & Wales","Female","16-64","No qualifications","36.8","%","1144491","420621","38.3","35.2"
"% in employment","White","ONS 5+1","2020","Year","England, Scotland & Wales","Female","16-64","Unknown","?","%","?","?","?","?"
"% in employment","Mixed","ONS 5+1","2020","Year","England, Scotland & Wales","Female","16-64","Unknown","?","%","?","?","?","?"
"% in employment","Asian or Asian British","ONS 5+1","2020","Year","England, Scotland & Wales","Female","16-64","Unknown","?","%","?","?","?","?"
"% in employment","Black or Black British","ONS 5+1","2020","Year","England, Scotland & Wales","Female","16-64","Unknown","?","%","?","?","?","?"
"% in employment","Other","ONS 5+1","2020","Year","England, Scotland & Wales","Female","16-64","Unknown","?","%","?","?","?","?"
"% in employment","Other than White","ONS 5+1","2020","Year","England, Scotland & Wales","Female","16-64","Unknown","?","%","?","?","?","?"
"% in employment","Unknown","ONS 5+1","2020","Year","England, Scotland & Wales","Female","16-64","Unknown","?","%","?","?","?","?"
"% in employment","All","ONS 5+1","2020","Year","England, Scotland & Wales","Female","16-64","Unknown","?","%","?","?","?","?"
"% in employment","White","ONS 5+1","2020","Year","England, Scotland & Wales","Female","16-64","All","76.1","%","15981390","12158164","76.4","75.7"
"% in employment","Mixed","ONS 5+1","2020","Year","England, Scotland & Wales","Female","16-64","All","76.5","%","281152","215122","81.7","71.3"
"% in employment","Asian or Asian British","ONS 5+1","2020","Year","England, Scotland & Wales","Female","16-64","All","61.5","%","1262912","776234","64.2","58.7"
"% in employment","Black or Black British","ONS 5+1","2020","Year","England, Scotland & Wales","Female","16-64","All","71","%","719846","510875","74.7","67.2"
"% in employment","Other","ONS 5+1","2020","Year","England, Scotland & Wales","Female","16-64","All","64.2","%","447576","287297","68.9","59.5"
"% in employment","Other than White","ONS 5+1","2020","Year","England, Scotland & Wales","Female","16-64","All","66","%","2711486","1789528","67.9","64.1"
"% in employment","Unknown","ONS 5+1","2020","Year","England, Scotland & Wales","Female","16-64","All","?","%","?","?","?","?"
"% in employment","All","ONS 5+1","2020","Year","England, Scotland & Wales","Female","16-64","All","74.6","%","18709620","13957100","75","74.2"
"% in employment","White","ONS 5+1","2020","Year","England, Scotland & Wales","All","16-64","NQF Level 4 and above","86.8","%","13919654","12085328","87.1","86.5"
"% in employment","Mixed","ONS 5+1","2020","Year","England, Scotland & Wales","All","16-64","NQF Level 4 and above","90","%","273100","245702","93.8","86.1"
"% in employment","Asian or Asian British","ONS 5+1","2020","Year","England, Scotland & Wales","All","16-64","NQF Level 4 and above","82.8","%","1372450","1136176","85","80.6"
"% in employment","Black or Black British","ONS 5+1","2020","Year","England, Scotland & Wales","All","16-64","NQF Level 4 and above","80.8","%","644238","520745","84.3","77.3"
"% in employment","Other","ONS 5+1","2020","Year","England, Scotland & Wales","All","16-64","NQF Level 4 and above","81.7","%","502753","410505","85.4","77.9"
"% in employment","Other than White","ONS 5+1","2020","Year","England, Scotland & Wales","All","16-64","NQF Level 4 and above","82.8","%","2792541","2313128","84.4","81.3"
"% in employment","Unknown","ONS 5+1","2020","Year","England, Scotland & Wales","All","16-64","NQF Level 4 and above","?","%","?","?","?","?"
"% in employment","All","ONS 5+1","2020","Year","England, Scotland & Wales","All","16-64","NQF Level 4 and above","86.2","%","16724228","14410119","86.5","85.9"
"% in employment","White","ONS 5+1","2020","Year","England, Scotland & Wales","All","16-64","NQF Level 3","82.9","%","5694847.5","4721314","83.5","82.3"
"% in employment","Mixed","ONS 5+1","2020","Year","England, Scotland & Wales","All","16-64","NQF Level 3","80.1","%","87308.5","69942.5","89.3","70.9"
"% in employment","Asian or Asian British","ONS 5+1","2020","Year","England, Scotland & Wales","All","16-64","NQF Level 3","74.3","%","257560.5","191345","80.1","68.5"
"% in employment","Black or Black British","ONS 5+1","2020","Year","England, Scotland & Wales","All","16-64","NQF Level 3","74.9","%","137248.5","102822.5","83.1","66.8"
"% in employment","Other","ONS 5+1","2020","Year","England, Scotland & Wales","All","16-64","NQF Level 3","74","%","68166","50476","85.6","62.5"
"% in employment","Other than White","ONS 5+1","2020","Year","England, Scotland & Wales","All","16-64","NQF Level 3","75.3","%","550283.5","414586","79.3","71.4"
"% in employment","Unknown","ONS 5+1","2020","Year","England, Scotland & Wales","All","16-64","NQF Level 3","?","%","?","?","?","?"
"% in employment","All","ONS 5+1","2020","Year","England, Scotland & Wales","All","16-64","NQF Level 3","82.2","%","6248071","5138226","82.8","81.7"
"% in employment","White","ONS 5+1","2020","Year","England, Scotland & Wales","All","16-64","NQF Level 2","74.6","%","5508467.5","4107688","75.2","73.9"
"% in employment","Mixed","ONS 5+1","2020","Year","England, Scotland & Wales","All","16-64","NQF Level 2","57.9","%","71892.5","41656.5","69.3","46.6"
"% in employment","Asian or Asian British","ONS 5+1","2020","Year","England, Scotland & Wales","All","16-64","NQF Level 2","55.1","%","218421.5","120294","61.8","48.3"
"% in employment","Black or Black British","ONS 5+1","2020","Year","England, Scotland & Wales","All","16-64","NQF Level 2","60.6","%","139216.5","84380.5","69.9","51.3"
"% in employment","Other","ONS 5+1","2020","Year","England, Scotland & Wales","All","16-64","NQF Level 2","63","%","55730","35103","77","49"
"% in employment","Other than White","ONS 5+1","2020","Year","England, Scotland & Wales","All","16-64","NQF Level 2","58","%","485260.5","281434","62.6","53.3"
"% in employment","Unknown","ONS 5+1","2020","Year","England, Scotland & Wales","All","16-64","NQF Level 2","?","%","?","?","?","?"
"% in employment","All","ONS 5+1","2020","Year","England, Scotland & Wales","All","16-64","NQF Level 2","73.2","%","5996459","4391196","73.9","72.6"
"% in employment","White","ONS 5+1","2020","Year","England, Scotland & Wales","All","16-64","NQF Below Level 2","70","%","3312727","2318526","70.9","69.1"
"% in employment","Mixed","ONS 5+1","2020","Year","England, Scotland & Wales","All","16-64","NQF Below Level 2","?","%","?","?","?","?"
"% in employment","Asian or Asian British","ONS 5+1","2020","Year","England, Scotland & Wales","All","16-64","NQF Below Level 2","58","%","162478","94182","65.9","50"
"% in employment","Black or Black British","ONS 5+1","2020","Year","England, Scotland & Wales","All","16-64","NQF Below Level 2","57","%","89871","51183","68.4","45.5"
"% in employment","Other","ONS 5+1","2020","Year","England, Scotland & Wales","All","16-64","NQF Below Level 2","?","%","?","?","?","?"
"% in employment","Other than White","ONS 5+1","2020","Year","England, Scotland & Wales","All","16-64","NQF Below Level 2","56.3","%","329656","185528","62.1","50.5"
"% in employment","Unknown","ONS 5+1","2020","Year","England, Scotland & Wales","All","16-64","NQF Below Level 2","?","%","?","?","?","?"
"% in employment","All","ONS 5+1","2020","Year","England, Scotland & Wales","All","16-64","NQF Below Level 2","68.7","%","3642947","2504054","69.6","67.9"
"% in employment","White","ONS 5+1","2020","Year","England, Scotland & Wales","All","16-64","Other qualifications","77.9","%","1684704","1312350","79","76.8"
"% in employment","Mixed","ONS 5+1","2020","Year","England, Scotland & Wales","All","16-64","Other qualifications","?","%","?","?","?","?"
"% in employment","Asian or Asian British","ONS 5+1","2020","Year","England, Scotland & Wales","All","16-64","Other qualifications","71.8","%","298345","214074","77.2","66.4"
"% in employment","Black or Black British","ONS 5+1","2020","Year","England, Scotland & Wales","All","16-64","Other qualifications","71.9","%","130725","94046","80.7","63.2"
"% in employment","Other","ONS 5+1","2020","Year","England, Scotland & Wales","All","16-64","Other qualifications","62.3","%","121069","75404","71.4","53.2"
"% in employment","Other than White","ONS 5+1","2020","Year","England, Scotland & Wales","All","16-64","Other qualifications","69.7","%","583572","406591","73.7","65.7"
"% in employment","Unknown","ONS 5+1","2020","Year","England, Scotland & Wales","All","16-64","Other qualifications","?","%","?","?","?","?"
"% in employment","All","ONS 5+1","2020","Year","England, Scotland & Wales","All","16-64","Other qualifications","75.8","%","2274019","1723752","76.9","74.7"
"% in employment","White","ONS 5+1","2020","Year","England, Scotland & Wales","All","16-64","No qualifications","46.2","%","2018502","932087","47.4","45"
"% in employment","Mixed","ONS 5+1","2020","Year","England, Scotland & Wales","All","16-64","No qualifications","?","%","?","?","?","?"
"% in employment","Asian or Asian British","ONS 5+1","2020","Year","England, Scotland & Wales","All","16-64","No qualifications","40.4","%","249696","100815","46.7","34.1"
"% in employment","Black or Black British","ONS 5+1","2020","Year","England, Scotland & Wales","All","16-64","No qualifications","43.8","%","92647","40592","55.1","32.6"
"% in employment","Other","ONS 5+1","2020","Year","England, Scotland & Wales","All","16-64","No qualifications","32.6","%","81386","26513","43.4","21.8"
"% in employment","Other than White","ONS 5+1","2020","Year","England, Scotland & Wales","All","16-64","No qualifications","39.3","%","448647","176191","44","34.5"
"% in employment","Unknown","ONS 5+1","2020","Year","England, Scotland & Wales","All","16-64","No qualifications","?","%","?","?","?","?"
"% in employment","All","ONS 5+1","2020","Year","England, Scotland & Wales","All","16-64","No qualifications","44.9","%","2468570","1109188","46.1","43.8"
"% in employment","White","ONS 5+1","2020","Year","England, Scotland & Wales","All","16-64","Unknown","49.2","%","60323","29669","56.4","42"
"% in employment","Mixed","ONS 5+1","2020","Year","England, Scotland & Wales","All","16-64","Unknown","?","%","?","?","?","?"
"% in employment","Asian or Asian British","ONS 5+1","2020","Year","England, Scotland & Wales","All","16-64","Unknown","?","%","?","?","?","?"
"% in employment","Black or Black British","ONS 5+1","2020","Year","England, Scotland & Wales","All","16-64","Unknown","?","%","?","?","?","?"
"% in employment","Other","ONS 5+1","2020","Year","England, Scotland & Wales","All","16-64","Unknown","?","%","?","?","?","?"
"% in employment","Other than White","ONS 5+1","2020","Year","England, Scotland & Wales","All","16-64","Unknown","?","%","?","?","?","?"
"% in employment","Unknown","ONS 5+1","2020","Year","England, Scotland & Wales","All","16-64","Unknown","?","%","?","?","?","?"
"% in employment","All","ONS 5+1","2020","Year","England, Scotland & Wales","All","16-64","Unknown","40.1","%","82873","33259","46.5","33.7"
"% in employment","White","ONS 5+1","2020","Year","England, Scotland & Wales","All","16-64","All","79.2","%","32199225","25506962","79.5","79"
"% in employment","Mixed","ONS 5+1","2020","Year","England, Scotland & Wales","All","16-64","All","76.1","%","538307","409661","79.9","72.3"
"% in employment","Asian or Asian British","ONS 5+1","2020","Year","England, Scotland & Wales","All","16-64","All","72.5","%","2563320","1859409","74.4","70.7"
"% in employment","Black or Black British","ONS 5+1","2020","Year","England, Scotland & Wales","All","16-64","All","72.3","%","1237102","894068","75.1","69.4"
"% in employment","Other","ONS 5+1","2020","Year","England, Scotland & Wales","All","16-64","All","71.5","%","864567","617910","74.8","68.2"
"% in employment","Other than White","ONS 5+1","2020","Year","England, Scotland & Wales","All","16-64","All","72.7","%","5203296","3781048","74","71.3"
"% in employment","Unknown","ONS 5+1","2020","Year","England, Scotland & Wales","All","16-64","All","?","%","?","?","?","?"
"% in employment","All","ONS 5+1","2020","Year","England, Scotland & Wales","All","16-64","All","78.3","%","37437167","29309794","78.5","78"
"% in employment","White","ONS 5+1","2021","Year","England, Scotland & Wales","Male","16-64","NQF Level 4 and above","89.4","%","6576851","5879650","89.8","89"
"% in employment","Mixed","ONS 5+1","2021","Year","England, Scotland & Wales","Male","16-64","NQF Level 4 and above","91","%","123508","112344","96.8","85.1"
"% in employment","Asian or Asian British","ONS 5+1","2021","Year","England, Scotland & Wales","Male","16-64","NQF Level 4 and above","91","%","743170","676575","93.4","88.7"
"% in employment","Black or Black British","ONS 5+1","2021","Year","England, Scotland & Wales","Male","16-64","NQF Level 4 and above","88.8","%","276532","245423","93.3","84.3"
"% in employment","Other","ONS 5+1","2021","Year","England, Scotland & Wales","Male","16-64","NQF Level 4 and above","88.6","%","257448","228069","93.1","84.1"
"% in employment","Other than White","ONS 5+1","2021","Year","England, Scotland & Wales","Male","16-64","NQF Level 4 and above","90.1","%","1400658","1262411","92","88.3"
"% in employment","Unknown","ONS 5+1","2021","Year","England, Scotland & Wales","Male","16-64","NQF Level 4 and above","?","%","?","?","?","?"
"% in employment","All","ONS 5+1","2021","Year","England, Scotland & Wales","Male","16-64","NQF Level 4 and above","89.5","%","7984927","7147976","89.9","89.1"
"% in employment","White","ONS 5+1","2021","Year","England, Scotland & Wales","Male","16-64","NQF Level 3","85.4","%","2943554.5","2513193.5","86.1","84.6"
"% in employment","Mixed","ONS 5+1","2021","Year","England, Scotland & Wales","Male","16-64","NQF Level 3","?","%","?","?","?","?"
"% in employment","Asian or Asian British","ONS 5+1","2021","Year","England, Scotland & Wales","Male","16-64","NQF Level 3","81.7","%","122070","99782.5","89.3","74.2"
"% in employment","Black or Black British","ONS 5+1","2021","Year","England, Scotland & Wales","Male","16-64","NQF Level 3","?","%","?","?","?","?"
"% in employment","Other","ONS 5+1","2021","Year","England, Scotland & Wales","Male","16-64","NQF Level 3","?","%","?","?","?","?"
"% in employment","Other than White","ONS 5+1","2021","Year","England, Scotland & Wales","Male","16-64","NQF Level 3","80.1","%","255115","204250.5","85.6","74.5"
"% in employment","Unknown","ONS 5+1","2021","Year","England, Scotland & Wales","Male","16-64","NQF Level 3","?","%","?","?","?","?"
"% in employment","All","ONS 5+1","2021","Year","England, Scotland & Wales","Male","16-64","NQF Level 3","85","%","3199355","2717802.5","85.7","84.2"
"% in employment","White","ONS 5+1","2021","Year","England, Scotland & Wales","Male","16-64","NQF Level 2","78","%","2687362.5","2096547.5","78.9","77.1"
"% in employment","Mixed","ONS 5+1","2021","Year","England, Scotland & Wales","Male","16-64","NQF Level 2","?","%","?","?","?","?"
"% in employment","Asian or Asian British","ONS 5+1","2021","Year","England, Scotland & Wales","Male","16-64","NQF Level 2","69.1","%","102423","70809.5","79","59.2"
"% in employment","Black or Black British","ONS 5+1","2021","Year","England, Scotland & Wales","Male","16-64","NQF Level 2","?","%","?","?","?","?"
"% in employment","Other","ONS 5+1","2021","Year","England, Scotland & Wales","Male","16-64","NQF Level 2","?","%","?","?","?","?"
"% in employment","Other than White","ONS 5+1","2021","Year","England, Scotland & Wales","Male","16-64","NQF Level 2","67.6","%","222540","150453.5","74.5","60.7"
"% in employment","Unknown","ONS 5+1","2021","Year","England, Scotland & Wales","Male","16-64","NQF Level 2","?","%","?","?","?","?"
"% in employment","All","ONS 5+1","2021","Year","England, Scotland & Wales","Male","16-64","NQF Level 2","77.2","%","2911976","2249074.5","78.1","76.3"
"% in employment","White","ONS 5+1","2021","Year","England, Scotland & Wales","Male","16-64","NQF Below Level 2","74.9","%","1699539","1273524","76.2","73.7"
"% in employment","Mixed","ONS 5+1","2021","Year","England, Scotland & Wales","Male","16-64","NQF Below Level 2","?","%","?","?","?","?"
"% in employment","Asian or Asian British","ONS 5+1","2021","Year","England, Scotland & Wales","Male","16-64","NQF Below Level 2","79.4","%","77467","61540","89.4","69.5"
"% in employment","Black or Black British","ONS 5+1","2021","Year","England, Scotland & Wales","Male","16-64","NQF Below Level 2","?","%","?","?","?","?"
"% in employment","Other","ONS 5+1","2021","Year","England, Scotland & Wales","Male","16-64","NQF Below Level 2","?","%","?","?","?","?"
"% in employment","Other than White","ONS 5+1","2021","Year","England, Scotland & Wales","Male","16-64","NQF Below Level 2","68.7","%","160615","110375","77.1","60.3"
"% in employment","Unknown","ONS 5+1","2021","Year","England, Scotland & Wales","Male","16-64","NQF Below Level 2","?","%","?","?","?","?"
"% in employment","All","ONS 5+1","2021","Year","England, Scotland & Wales","Male","16-64","NQF Below Level 2","74.4","%","1860154","1383899","75.6","73.2"
"% in employment","White","ONS 5+1","2021","Year","England, Scotland & Wales","Male","16-64","Other qualifications","80.4","%","992035","797612","81.9","78.9"
"% in employment","Mixed","ONS 5+1","2021","Year","England, Scotland & Wales","Male","16-64","Other qualifications","?","%","?","?","?","?"
"% in employment","Asian or Asian British","ONS 5+1","2021","Year","England, Scotland & Wales","Male","16-64","Other qualifications","86.5","%","146055","126364","92.9","80.2"
"% in employment","Black or Black British","ONS 5+1","2021","Year","England, Scotland & Wales","Male","16-64","Other qualifications","?","%","?","?","?","?"
"% in employment","Other","ONS 5+1","2021","Year","England, Scotland & Wales","Male","16-64","Other qualifications","76.5","%","64378","49218","88.5","64.4"
"% in employment","Other than White","ONS 5+1","2021","Year","England, Scotland & Wales","Male","16-64","Other qualifications","80.7","%","284279","229537","86.1","75.4"
"% in employment","Unknown","ONS 5+1","2021","Year","England, Scotland & Wales","Male","16-64","Other qualifications","?","%","?","?","?","?"
"% in employment","All","ONS 5+1","2021","Year","England, Scotland & Wales","Male","16-64","Other qualifications","80.5","%","1278220","1029055","81.9","79.2"
"% in employment","White","ONS 5+1","2021","Year","England, Scotland & Wales","Male","16-64","No qualifications","50.6","%","1120785","566929","52.3","48.8"
"% in employment","Mixed","ONS 5+1","2021","Year","England, Scotland & Wales","Male","16-64","No qualifications","?","%","?","?","?","?"
"% in employment","Asian or Asian British","ONS 5+1","2021","Year","England, Scotland & Wales","Male","16-64","No qualifications","59.7","%","128680","76791","69.7","49.7"
"% in employment","Black or Black British","ONS 5+1","2021","Year","England, Scotland & Wales","Male","16-64","No qualifications","?","%","?","?","?","?"
"% in employment","Other","ONS 5+1","2021","Year","England, Scotland & Wales","Male","16-64","No qualifications","?","%","?","?","?","?"
"% in employment","Other than White","ONS 5+1","2021","Year","England, Scotland & Wales","Male","16-64","No qualifications","54.3","%","251384","136550","61.6","47"
"% in employment","Unknown","ONS 5+1","2021","Year","England, Scotland & Wales","Male","16-64","No qualifications","?","%","?","?","?","?"
"% in employment","All","ONS 5+1","2021","Year","England, Scotland & Wales","Male","16-64","No qualifications","51.3","%","1372169","703479","52.9","49.6"
"% in employment","White","ONS 5+1","2021","Year","England, Scotland & Wales","Male","16-64","Unknown","41.2","%","36785","15167","50.7","31.8"
"% in employment","Mixed","ONS 5+1","2021","Year","England, Scotland & Wales","Male","16-64","Unknown","?","%","?","?","?","?"
"% in employment","Asian or Asian British","ONS 5+1","2021","Year","England, Scotland & Wales","Male","16-64","Unknown","?","%","?","?","?","?"
"% in employment","Black or Black British","ONS 5+1","2021","Year","England, Scotland & Wales","Male","16-64","Unknown","?","%","?","?","?","?"
"% in employment","Other","ONS 5+1","2021","Year","England, Scotland & Wales","Male","16-64","Unknown","?","%","?","?","?","?"
"% in employment","Other than White","ONS 5+1","2021","Year","England, Scotland & Wales","Male","16-64","Unknown","?","%","?","?","?","?"
"% in employment","Unknown","ONS 5+1","2021","Year","England, Scotland & Wales","Male","16-64","Unknown","?","%","?","?","?","?"
"% in employment","All","ONS 5+1","2021","Year","England, Scotland & Wales","Male","16-64","Unknown","36.4","%","57359","20894","44.6","28.2"
"% in employment","White","ONS 5+1","2021","Year","England, Scotland & Wales","Male","16-64","All","81.9","%","16056912","13142623","82.2","81.5"
"% in employment","Mixed","ONS 5+1","2021","Year","England, Scotland & Wales","Male","16-64","All","73.1","%","290668","212356","79","67.1"
"% in employment","Asian or Asian British","ONS 5+1","2021","Year","England, Scotland & Wales","Male","16-64","All","84.2","%","1324109","1115334","86.5","82"
"% in employment","Black or Black British","ONS 5+1","2021","Year","England, Scotland & Wales","Male","16-64","All","77.5","%","539988","418219","81.7","73.2"
"% in employment","Other","ONS 5+1","2021","Year","England, Scotland & Wales","Male","16-64","All","81.3","%","433866","352814","85.6","77.1"
"% in employment","Other than White","ONS 5+1","2021","Year","England, Scotland & Wales","Male","16-64","All","81.1","%","2588631","2098723","82.8","79.3"
"% in employment","Unknown","ONS 5+1","2021","Year","England, Scotland & Wales","Male","16-64","All","?","%","?","?","?","?"
"% in employment","All","ONS 5+1","2021","Year","England, Scotland & Wales","Male","16-64","All","81.7","%","18664160","15252180","82.1","81.4"
"% in employment","White","ONS 5+1","2021","Year","England, Scotland & Wales","Female","16-64","NQF Level 4 and above","85.4","%","7348689","6278727","85.9","85"
"% in employment","Mixed","ONS 5+1","2021","Year","England, Scotland & Wales","Female","16-64","NQF Level 4 and above","85.5","%","164047","140326","91.3","79.8"
"% in employment","Asian or Asian British","ONS 5+1","2021","Year","England, Scotland & Wales","Female","16-64","NQF Level 4 and above","78.2","%","697739","545323","81.4","74.9"
"% in employment","Black or Black British","ONS 5+1","2021","Year","England, Scotland & Wales","Female","16-64","NQF Level 4 and above","77.4","%","365164","282740","82.4","72.5"
"% in employment","Other","ONS 5+1","2021","Year","England, Scotland & Wales","Female","16-64","NQF Level 4 and above","73.8","%","281513","207643","79.2","68.3"
"% in employment","Other than White","ONS 5+1","2021","Year","England, Scotland & Wales","Female","16-64","NQF Level 4 and above","78","%","1508463","1176032","80.2","75.7"
"% in employment","Unknown","ONS 5+1","2021","Year","England, Scotland & Wales","Female","16-64","NQF Level 4 and above","?","%","?","?","?","?"
"% in employment","All","ONS 5+1","2021","Year","England, Scotland & Wales","Female","16-64","NQF Level 4 and above","84.2","%","8864847","7460679","84.6","83.7"
"% in employment","White","ONS 5+1","2021","Year","England, Scotland & Wales","Female","16-64","NQF Level 3","78.8","%","2665678","2099371.5","79.7","77.9"
"% in employment","Mixed","ONS 5+1","2021","Year","England, Scotland & Wales","Female","16-64","NQF Level 3","?","%","?","?","?","?"
"% in employment","Asian or Asian British","ONS 5+1","2021","Year","England, Scotland & Wales","Female","16-64","NQF Level 3","68.3","%","127298.5","86960","77.1","59.5"
"% in employment","Black or Black British","ONS 5+1","2021","Year","England, Scotland & Wales","Female","16-64","NQF Level 3","69.3","%","84412.5","58456.5","81.1","57.4"
"% in employment","Other","ONS 5+1","2021","Year","England, Scotland & Wales","Female","16-64","NQF Level 3","?","%","?","?","?","?"
"% in employment","Other than White","ONS 5+1","2021","Year","England, Scotland & Wales","Female","16-64","NQF Level 3","70.1","%","292729","205072","76","64.2"
"% in employment","Unknown","ONS 5+1","2021","Year","England, Scotland & Wales","Female","16-64","NQF Level 3","?","%","?","?","?","?"
"% in employment","All","ONS 5+1","2021","Year","England, Scotland & Wales","Female","16-64","NQF Level 3","77.9","%","2959095","2305005.5","78.8","77"
"% in employment","White","ONS 5+1","2021","Year","England, Scotland & Wales","Female","16-64","NQF Level 2","69.3","%","2723180","1886915.5","70.3","68.3"
"% in employment","Mixed","ONS 5+1","2021","Year","England, Scotland & Wales","Female","16-64","NQF Level 2","?","%","?","?","?","?"
"% in employment","Asian or Asian British","ONS 5+1","2021","Year","England, Scotland & Wales","Female","16-64","NQF Level 2","44.6","%","98567.5","43914","54.7","34.4"
"% in employment","Black or Black British","ONS 5+1","2021","Year","England, Scotland & Wales","Female","16-64","NQF Level 2","59.2","%","71260.5","42210.5","72.6","45.9"
"% in employment","Other","ONS 5+1","2021","Year","England, Scotland & Wales","Female","16-64","NQF Level 2","?","%","?","?","?","?"
"% in employment","Other than White","ONS 5+1","2021","Year","England, Scotland & Wales","Female","16-64","NQF Level 2","49.7","%","234025","116296","56.6","42.8"
"% in employment","Unknown","ONS 5+1","2021","Year","England, Scotland & Wales","Female","16-64","NQF Level 2","?","%","?","?","?","?"
"% in employment","All","ONS 5+1","2021","Year","England, Scotland & Wales","Female","16-64","NQF Level 2","67.8","%","2958554","2004560.5","68.7","66.8"
"% in employment","White","ONS 5+1","2021","Year","England, Scotland & Wales","Female","16-64","NQF Below Level 2","62.4","%","1508166","941216","63.8","61.1"
"% in employment","Mixed","ONS 5+1","2021","Year","England, Scotland & Wales","Female","16-64","NQF Below Level 2","?","%","?","?","?","?"
"% in employment","Asian or Asian British","ONS 5+1","2021","Year","England, Scotland & Wales","Female","16-64","NQF Below Level 2","44.8","%","73913","33107","56.9","32.7"
"% in employment","Black or Black British","ONS 5+1","2021","Year","England, Scotland & Wales","Female","16-64","NQF Below Level 2","?","%","?","?","?","?"
"% in employment","Other","ONS 5+1","2021","Year","England, Scotland & Wales","Female","16-64","NQF Below Level 2","?","%","?","?","?","?"
"% in employment","Other than White","ONS 5+1","2021","Year","England, Scotland & Wales","Female","16-64","NQF Below Level 2","48.2","%","165548","79839","56.6","39.9"
"% in employment","Unknown","ONS 5+1","2021","Year","England, Scotland & Wales","Female","16-64","NQF Below Level 2","?","%","?","?","?","?"
"% in employment","All","ONS 5+1","2021","Year","England, Scotland & Wales","Female","16-64","NQF Below Level 2","61","%","1674615","1021956","62.3","59.7"
"% in employment","White","ONS 5+1","2021","Year","England, Scotland & Wales","Female","16-64","Other qualifications","69.6","%","682602","475031","71.6","67.6"
"% in employment","Mixed","ONS 5+1","2021","Year","England, Scotland & Wales","Female","16-64","Other qualifications","?","%","?","?","?","?"
"% in employment","Asian or Asian British","ONS 5+1","2021","Year","England, Scotland & Wales","Female","16-64","Other qualifications","50.4","%","170286","85858","58.7","42.1"
"% in employment","Black or Black British","ONS 5+1","2021","Year","England, Scotland & Wales","Female","16-64","Other qualifications","62.1","%","83980","52138","74.7","49.5"
"% in employment","Other","ONS 5+1","2021","Year","England, Scotland & Wales","Female","16-64","Other qualifications","55.1","%","56310","31052","69.2","41.1"
"% in employment","Other than White","ONS 5+1","2021","Year","England, Scotland & Wales","Female","16-64","Other qualifications","54.6","%","323423","176558","60.7","48.5"
"% in employment","Unknown","ONS 5+1","2021","Year","England, Scotland & Wales","Female","16-64","Other qualifications","?","%","?","?","?","?"
"% in employment","All","ONS 5+1","2021","Year","England, Scotland & Wales","Female","16-64","Other qualifications","64.8","%","1007729","653293","66.7","63"
"% in employment","White","ONS 5+1","2021","Year","England, Scotland & Wales","Female","16-64","No qualifications","37.5","%","929363","348219","39.3","35.7"
"% in employment","Mixed","ONS 5+1","2021","Year","England, Scotland & Wales","Female","16-64","No qualifications","?","%","?","?","?","?"
"% in employment","Asian or Asian British","ONS 5+1","2021","Year","England, Scotland & Wales","Female","16-64","No qualifications","26.6","%","142565","37954","34.7","18.6"
"% in employment","Black or Black British","ONS 5+1","2021","Year","England, Scotland & Wales","Female","16-64","No qualifications","?","%","?","?","?","?"
"% in employment","Other","ONS 5+1","2021","Year","England, Scotland & Wales","Female","16-64","No qualifications","?","%","?","?","?","?"
"% in employment","Other than White","ONS 5+1","2021","Year","England, Scotland & Wales","Female","16-64","No qualifications","29.6","%","247283","73171","36","23.2"
"% in employment","Unknown","ONS 5+1","2021","Year","England, Scotland & Wales","Female","16-64","No qualifications","?","%","?","?","?","?"
"% in employment","All","ONS 5+1","2021","Year","England, Scotland & Wales","Female","16-64","No qualifications","35.8","%","1176646","421390","37.4","34.2"
"% in employment","White","ONS 5+1","2021","Year","England, Scotland & Wales","Female","16-64","Unknown","?","%","?","?","?","?"
"% in employment","Mixed","ONS 5+1","2021","Year","England, Scotland & Wales","Female","16-64","Unknown","?","%","?","?","?","?"
"% in employment","Asian or Asian British","ONS 5+1","2021","Year","England, Scotland & Wales","Female","16-64","Unknown","?","%","?","?","?","?"
"% in employment","Black or Black British","ONS 5+1","2021","Year","England, Scotland & Wales","Female","16-64","Unknown","?","%","?","?","?","?"
"% in employment","Other","ONS 5+1","2021","Year","England, Scotland & Wales","Female","16-64","Unknown","?","%","?","?","?","?"
"% in employment","Other than White","ONS 5+1","2021","Year","England, Scotland & Wales","Female","16-64","Unknown","?","%","?","?","?","?"
"% in employment","Unknown","ONS 5+1","2021","Year","England, Scotland & Wales","Female","16-64","Unknown","?","%","?","?","?","?"
"% in employment","All","ONS 5+1","2021","Year","England, Scotland & Wales","Female","16-64","Unknown","?","%","?","?","?","?"
"% in employment","White","ONS 5+1","2021","Year","England, Scotland & Wales","Female","16-64","All","75.8","%","15879971","12038320","76.2","75.4"
"% in employment","Mixed","ONS 5+1","2021","Year","England, Scotland & Wales","Female","16-64","All","70.8","%","290626","205800","76.4","65.2"
"% in employment","Asian or Asian British","ONS 5+1","2021","Year","England, Scotland & Wales","Female","16-64","All","63.5","%","1312376","833634","66.3","60.7"
"% in employment","Black or Black British","ONS 5+1","2021","Year","England, Scotland & Wales","Female","16-64","All","68","%","708273","481587","72","64"
"% in employment","Other","ONS 5+1","2021","Year","England, Scotland & Wales","Female","16-64","All","65.7","%","466476","306465","70.3","61.1"
"% in employment","Other than White","ONS 5+1","2021","Year","England, Scotland & Wales","Female","16-64","All","65.8","%","2777751","1827486","67.7","63.9"
"% in employment","Unknown","ONS 5+1","2021","Year","England, Scotland & Wales","Female","16-64","All","?","%","?","?","?","?"
"% in employment","All","ONS 5+1","2021","Year","England, Scotland & Wales","Female","16-64","All","74.3","%","18673420","13876242","74.7","74"
"% in employment","White","ONS 5+1","2021","Year","England, Scotland & Wales","All","16-64","NQF Level 4 and above","87.3","%","13925540","12158377","87.6","87"
"% in employment","Mixed","ONS 5+1","2021","Year","England, Scotland & Wales","All","16-64","NQF Level 4 and above","87.9","%","287555","252670","92","83.7"
"% in employment","Asian or Asian British","ONS 5+1","2021","Year","England, Scotland & Wales","All","16-64","NQF Level 4 and above","84.8","%","1440909","1221898","86.9","82.8"
"% in employment","Black or Black British","ONS 5+1","2021","Year","England, Scotland & Wales","All","16-64","NQF Level 4 and above","82.3","%","641696","528163","85.8","78.8"
"% in employment","Other","ONS 5+1","2021","Year","England, Scotland & Wales","All","16-64","NQF Level 4 and above","80.8","%","538961","435712","84.5","77.2"
"% in employment","Other than White","ONS 5+1","2021","Year","England, Scotland & Wales","All","16-64","NQF Level 4 and above","83.8","%","2909121","2438443","85.3","82.3"
"% in employment","Unknown","ONS 5+1","2021","Year","England, Scotland & Wales","All","16-64","NQF Level 4 and above","?","%","?","?","?","?"
"% in employment","All","ONS 5+1","2021","Year","England, Scotland & Wales","All","16-64","NQF Level 4 and above","86.7","%","16849774","14608655","87","86.4"
"% in employment","White","ONS 5+1","2021","Year","England, Scotland & Wales","All","16-64","NQF Level 3","82.2","%","5609232.5","4612565","82.8","81.7"
"% in employment","Mixed","ONS 5+1","2021","Year","England, Scotland & Wales","All","16-64","NQF Level 3","74.5","%","91837","68455","84.7","64.4"
"% in employment","Asian or Asian British","ONS 5+1","2021","Year","England, Scotland & Wales","All","16-64","NQF Level 3","74.9","%","249368.5","186742.5","80.8","69"
"% in employment","Black or Black British","ONS 5+1","2021","Year","England, Scotland & Wales","All","16-64","NQF Level 3","75.2","%","144326","108464.5","83.7","66.6"
"% in employment","Other","ONS 5+1","2021","Year","England, Scotland & Wales","All","16-64","NQF Level 3","73.3","%","62312.5","45660.5","85.2","61.4"
"% in employment","Other than White","ONS 5+1","2021","Year","England, Scotland & Wales","All","16-64","NQF Level 3","74.7","%","547844","409322.5","78.8","70.6"
"% in employment","Unknown","ONS 5+1","2021","Year","England, Scotland & Wales","All","16-64","NQF Level 3","?","%","?","?","?","?"
"% in employment","All","ONS 5+1","2021","Year","England, Scotland & Wales","All","16-64","NQF Level 3","81.6","%","6158450","5022808","82.1","81"
"% in employment","White","ONS 5+1","2021","Year","England, Scotland & Wales","All","16-64","NQF Level 2","73.6","%","5410542.5","3983463","74.3","73"
"% in employment","Mixed","ONS 5+1","2021","Year","England, Scotland & Wales","All","16-64","NQF Level 2","54","%","76660","41403","66.1","41.9"
"% in employment","Asian or Asian British","ONS 5+1","2021","Year","England, Scotland & Wales","All","16-64","NQF Level 2","57.1","%","200990.5","114723.5","64.4","49.8"
"% in employment","Black or Black British","ONS 5+1","2021","Year","England, Scotland & Wales","All","16-64","NQF Level 2","62.5","%","128510","80352.5","72.5","52.6"
"% in employment","Other","ONS 5+1","2021","Year","England, Scotland & Wales","All","16-64","NQF Level 2","60.1","%","50404.5","30270.5","74.4","45.7"
"% in employment","Other than White","ONS 5+1","2021","Year","England, Scotland & Wales","All","16-64","NQF Level 2","58.4","%","456565","266749.5","63.4","53.5"
"% in employment","Unknown","ONS 5+1","2021","Year","England, Scotland & Wales","All","16-64","NQF Level 2","?","%","?","?","?","?"
"% in employment","All","ONS 5+1","2021","Year","England, Scotland & Wales","All","16-64","NQF Level 2","72.5","%","5870530","4253635","73.1","71.8"
"% in employment","White","ONS 5+1","2021","Year","England, Scotland & Wales","All","16-64","NQF Below Level 2","69","%","3207705","2214740","70","68.1"
"% in employment","Mixed","ONS 5+1","2021","Year","England, Scotland & Wales","All","16-64","NQF Below Level 2","45","%","53909","24270","60","30"
"% in employment","Asian or Asian British","ONS 5+1","2021","Year","England, Scotland & Wales","All","16-64","NQF Below Level 2","62.5","%","151380","94647","70.9","54.1"
"% in employment","Black or Black British","ONS 5+1","2021","Year","England, Scotland & Wales","All","16-64","NQF Below Level 2","61","%","77296","47149","73.8","48.2"
"% in employment","Other","ONS 5+1","2021","Year","England, Scotland & Wales","All","16-64","NQF Below Level 2","?","%","?","?","?","?"
"% in employment","Other than White","ONS 5+1","2021","Year","England, Scotland & Wales","All","16-64","NQF Below Level 2","58.3","%","326163","190214","64.4","52.3"
"% in employment","Unknown","ONS 5+1","2021","Year","England, Scotland & Wales","All","16-64","NQF Below Level 2","?","%","?","?","?","?"
"% in employment","All","ONS 5+1","2021","Year","England, Scotland & Wales","All","16-64","NQF Below Level 2","68.1","%","3534769","2405855","69","67.2"
"% in employment","White","ONS 5+1","2021","Year","England, Scotland & Wales","All","16-64","Other qualifications","76","%","1674637","1272643","77.2","74.8"
"% in employment","Mixed","ONS 5+1","2021","Year","England, Scotland & Wales","All","16-64","Other qualifications","?","%","?","?","?","?"
"% in employment","Asian or Asian British","ONS 5+1","2021","Year","England, Scotland & Wales","All","16-64","Other qualifications","67.1","%","316341","212222","72.9","61.3"
"% in employment","Black or Black British","ONS 5+1","2021","Year","England, Scotland & Wales","All","16-64","Other qualifications","66.4","%","138190","91775","75.9","56.9"
"% in employment","Other","ONS 5+1","2021","Year","England, Scotland & Wales","All","16-64","Other qualifications","66.5","%","120688","80270","76","57.1"
"% in employment","Other than White","ONS 5+1","2021","Year","England, Scotland & Wales","All","16-64","Other qualifications","66.8","%","607702","406095","71.1","62.5"
"% in employment","Unknown","ONS 5+1","2021","Year","England, Scotland & Wales","All","16-64","Other qualifications","?","%","?","?","?","?"
"% in employment","All","ONS 5+1","2021","Year","England, Scotland & Wales","All","16-64","Other qualifications","73.6","%","2285949","1682348","74.7","72.5"
"% in employment","White","ONS 5+1","2021","Year","England, Scotland & Wales","All","16-64","No qualifications","44.6","%","2050148","915148","45.9","43.4"
"% in employment","Mixed","ONS 5+1","2021","Year","England, Scotland & Wales","All","16-64","No qualifications","?","%","?","?","?","?"
"% in employment","Asian or Asian British","ONS 5+1","2021","Year","England, Scotland & Wales","All","16-64","No qualifications","42.3","%","271245","114745","49","35.6"
"% in employment","Black or Black British","ONS 5+1","2021","Year","England, Scotland & Wales","All","16-64","No qualifications","38.8","%","108823","42228","50.2","27.4"
"% in employment","Other","ONS 5+1","2021","Year","England, Scotland & Wales","All","16-64","No qualifications","51.7","%","83646","43218","63.6","39.8"
"% in employment","Other than White","ONS 5+1","2021","Year","England, Scotland & Wales","All","16-64","No qualifications","42.1","%","498667","209721","47","37.1"
"% in employment","Unknown","ONS 5+1","2021","Year","England, Scotland & Wales","All","16-64","No qualifications","?","%","?","?","?","?"
"% in employment","All","ONS 5+1","2021","Year","England, Scotland & Wales","All","16-64","No qualifications","44.1","%","2548815","1124869","45.3","43"
"% in employment","White","ONS 5+1","2021","Year","England, Scotland & Wales","All","16-64","Unknown","40.6","%","59078","24007","47.9","33.3"
"% in employment","Mixed","ONS 5+1","2021","Year","England, Scotland & Wales","All","16-64","Unknown","?","%","?","?","?","?"
"% in employment","Asian or Asian British","ONS 5+1","2021","Year","England, Scotland & Wales","All","16-64","Unknown","?","%","?","?","?","?"
"% in employment","Black or Black British","ONS 5+1","2021","Year","England, Scotland & Wales","All","16-64","Unknown","?","%","?","?","?","?"
"% in employment","Other","ONS 5+1","2021","Year","England, Scotland & Wales","All","16-64","Unknown","?","%","?","?","?","?"
"% in employment","Other than White","ONS 5+1","2021","Year","England, Scotland & Wales","All","16-64","Unknown","?","%","?","?","?","?"
"% in employment","Unknown","ONS 5+1","2021","Year","England, Scotland & Wales","All","16-64","Unknown","?","%","?","?","?","?"
"% in employment","All","ONS 5+1","2021","Year","England, Scotland & Wales","All","16-64","Unknown","33.9","%","89293","30252","40.2","27.6"
"% in employment","White","ONS 5+1","2021","Year","England, Scotland & Wales","All","16-64","All","78.9","%","31936883","25180943","79.1","78.6"
"% in employment","Mixed","ONS 5+1","2021","Year","England, Scotland & Wales","All","16-64","All","71.9","%","581294","418156","76","67.9"
"% in employment","Asian or Asian British","ONS 5+1","2021","Year","England, Scotland & Wales","All","16-64","All","73.9","%","2636485","1948968","75.8","72.1"
"% in employment","Black or Black British","ONS 5+1","2021","Year","England, Scotland & Wales","All","16-64","All","72.1","%","1248261","899806","75.1","69.1"
"% in employment","Other","ONS 5+1","2021","Year","England, Scotland & Wales","All","16-64","All","73.2","%","900342","659279","76.4","70"
"% in employment","Other than White","ONS 5+1","2021","Year","England, Scotland & Wales","All","16-64","All","73.2","%","5366382","3926209","74.5","71.8"
"% in employment","Unknown","ONS 5+1","2021","Year","England, Scotland & Wales","All","16-64","All","?","%","?","?","?","?"
"% in employment","All","ONS 5+1","2021","Year","England, Scotland & Wales","All","16-64","All","78","%","37337580","29128422","78.3","77.8"
"% in employment","Asian or Asian British","ONS 5+1","2022","Year","England, Scotland & Wales","Female","16-64","RQF Level 4 and above","78.3","%","748503","586304","81.7","75"
"% in employment","Black or Black British","ONS 5+1","2022","Year","England, Scotland & Wales","Female","16-64","RQF Level 4 and above","82.9","%","389322","322913","87.6","78.2"
"% in employment","Mixed","ONS 5+1","2022","Year","England, Scotland & Wales","Female","16-64","RQF Level 4 and above","89.5","%","161007","144159","94.9","84.2"
"% in employment","Other","ONS 5+1","2022","Year","England, Scotland & Wales","Female","16-64","RQF Level 4 and above","76.3","%","331860","253312","81.6","71.1"
"% in employment","Unknown","ONS 5+1","2022","Year","England, Scotland & Wales","Female","16-64","RQF Level 4 and above","?","%","?","?","?","?"
"% in employment","White","ONS 5+1","2022","Year","England, Scotland & Wales","Female","16-64","RQF Level 4 and above","86.3","%","7239593","6245203","86.7","85.8"
"% in employment","Other than White","ONS 5+1","2022","Year","England, Scotland & Wales","Female","16-64","RQF Level 4 and above","80.1","%","1630692","1306688","82.4","77.9"
"% in employment","All","ONS 5+1","2022","Year","England, Scotland & Wales","Female","16-64","RQF Level 4 and above","85.1","%","8876373","7556716","85.6","84.7"
"% in employment","Asian or Asian British","ONS 5+1","2022","Year","England, Scotland & Wales","Male","16-64","RQF Level 4 and above","91.9","%","762730","701240","94.2","89.6"
"% in employment","Black or Black British","ONS 5+1","2022","Year","England, Scotland & Wales","Male","16-64","RQF Level 4 and above","94.3","%","251619","237354","97.8","90.8"
"% in employment","Mixed","ONS 5+1","2022","Year","England, Scotland & Wales","Male","16-64","RQF Level 4 and above","88.3","%","123663","109167","94.9","81.7"
"% in employment","Other","ONS 5+1","2022","Year","England, Scotland & Wales","Male","16-64","RQF Level 4 and above","89.1","%","303366","270299","93.4","84.8"
"% in employment","Unknown","ONS 5+1","2022","Year","England, Scotland & Wales","Male","16-64","RQF Level 4 and above","?","%","?","?","?","?"
"% in employment","White","ONS 5+1","2022","Year","England, Scotland & Wales","Male","16-64","RQF Level 4 and above","89.2","%","6656703","5936315","89.7","88.7"
"% in employment","Other than White","ONS 5+1","2022","Year","England, Scotland & Wales","Male","16-64","RQF Level 4 and above","91.4","%","1441378","1318060","93.2","89.7"
"% in employment","All","ONS 5+1","2022","Year","England, Scotland & Wales","Male","16-64","RQF Level 4 and above","89.6","%","8103170","7259464","90","89.1"
"% in employment","Asian or Asian British","ONS 5+1","2022","Year","England, Scotland & Wales","All","16-64","RQF Level 4 and above","85.2","%","1511233","1287544","87.3","83.1"
"% in employment","Black or Black British","ONS 5+1","2022","Year","England, Scotland & Wales","All","16-64","RQF Level 4 and above","87.4","%","640941","560267","90.6","84.2"
"% in employment","Mixed","ONS 5+1","2022","Year","England, Scotland & Wales","All","16-64","RQF Level 4 and above","89","%","284670","253326","93.2","84.8"
"% in employment","Other","ONS 5+1","2022","Year","England, Scotland & Wales","All","16-64","RQF Level 4 and above","82.4","%","635226","523611","86","78.9"
"% in employment","Unknown","ONS 5+1","2022","Year","England, Scotland & Wales","All","16-64","RQF Level 4 and above","?","%","?","?","?","?"
"% in employment","White","ONS 5+1","2022","Year","England, Scotland & Wales","All","16-64","RQF Level 4 and above","87.7","%","13896296","12181518","88","87.3"
"% in employment","Other than White","ONS 5+1","2022","Year","England, Scotland & Wales","All","16-64","RQF Level 4 and above","85.4","%","3072070","2624748","86.9","84"
"% in employment","All","ONS 5+1","2022","Year","England, Scotland & Wales","All","16-64","RQF Level 4 and above","87.3","%","16979543","14816180","87.6","86.9"
"% in employment","Asian or Asian British","ONS 5+1","2022","Year","England, Scotland & Wales","Female","16-64","RQF Level 3","66.5","%","167104","111058","74.8","58.1"
"% in employment","Black or Black British","ONS 5+1","2022","Year","England, Scotland & Wales","Female","16-64","RQF Level 3","77.7","%","79351","61647","89.5","65.9"
"% in employment","Mixed","ONS 5+1","2022","Year","England, Scotland & Wales","Female","16-64","RQF Level 3","?","%","?","?","?","?"
"% in employment","Other","ONS 5+1","2022","Year","England, Scotland & Wales","Female","16-64","RQF Level 3","?","%","?","?","?","?"
"% in employment","Unknown","ONS 5+1","2022","Year","England, Scotland & Wales","Female","16-64","RQF Level 3","?","%","?","?","?","?"
"% in employment","White","ONS 5+1","2022","Year","England, Scotland & Wales","Female","16-64","RQF Level 3","77.9","%","2869049","2235469","78.8","77"
"% in employment","Other than White","ONS 5+1","2022","Year","England, Scotland & Wales","Female","16-64","RQF Level 3","69","%","327039","225715","75","63"
"% in employment","All","ONS 5+1","2022","Year","England, Scotland & Wales","Female","16-64","RQF Level 3","77","%","3196088","2461184","77.9","76.1"
"% in employment","Asian or Asian British","ONS 5+1","2022","Year","England, Scotland & Wales","Male","16-64","RQF Level 3","82.8","%","152064","125862","90","75.5"
"% in employment","Black or Black British","ONS 5+1","2022","Year","England, Scotland & Wales","Male","16-64","RQF Level 3","77.5","%","74754","57921","89.6","65.4"
"% in employment","Mixed","ONS 5+1","2022","Year","England, Scotland & Wales","Male","16-64","RQF Level 3","?","%","?","?","?","?"
"% in employment","Other","ONS 5+1","2022","Year","England, Scotland & Wales","Male","16-64","RQF Level 3","?","%","?","?","?","?"
"% in employment","Unknown","ONS 5+1","2022","Year","England, Scotland & Wales","Male","16-64","RQF Level 3","?","%","?","?","?","?"
"% in employment","White","ONS 5+1","2022","Year","England, Scotland & Wales","Male","16-64","RQF Level 3","85.2","%","3566180","3037004","85.9","84.4"
"% in employment","Other than White","ONS 5+1","2022","Year","England, Scotland & Wales","Male","16-64","RQF Level 3","81","%","319812","258906","86.3","75.6"
"% in employment","All","ONS 5+1","2022","Year","England, Scotland & Wales","Male","16-64","RQF Level 3","84.8","%","3889928","3298280","85.5","84.1"
"% in employment","Asian or Asian British","ONS 5+1","2022","Year","England, Scotland & Wales","All","16-64","RQF Level 3","74.2","%","319168","236920","79.9","68.5"
"% in employment","Black or Black British","ONS 5+1","2022","Year","England, Scotland & Wales","All","16-64","RQF Level 3","77.6","%","154105","119568","86.1","69.1"
"% in employment","Mixed","ONS 5+1","2022","Year","England, Scotland & Wales","All","16-64","RQF Level 3","74.1","%","89791","66569","84.8","63.5"
"% in employment","Other","ONS 5+1","2022","Year","England, Scotland & Wales","All","16-64","RQF Level 3","73.5","%","83787","61564","85.6","61.3"
"% in employment","Unknown","ONS 5+1","2022","Year","England, Scotland & Wales","All","16-64","RQF Level 3","?","%","?","?","?","?"
"% in employment","White","ONS 5+1","2022","Year","England, Scotland & Wales","All","16-64","RQF Level 3","81.9","%","6435229","5272473","82.5","81.3"
"% in employment","Other than White","ONS 5+1","2022","Year","England, Scotland & Wales","All","16-64","RQF Level 3","74.9","%","646851","484621","79","70.8"
"% in employment","All","ONS 5+1","2022","Year","England, Scotland & Wales","All","16-64","RQF Level 3","81.3","%","7086016","5759464","81.9","80.7"
"% in employment","Asian or Asian British","ONS 5+1","2022","Year","England, Scotland & Wales","Female","16-64","RQF Level 2","44.3","%","131986","58505","53.6","35.1"
"% in employment","Black or Black British","ONS 5+1","2022","Year","England, Scotland & Wales","Female","16-64","RQF Level 2","55.7","%","118086","65768","67.1","44.3"
"% in employment","Mixed","ONS 5+1","2022","Year","England, Scotland & Wales","Female","16-64","RQF Level 2","61.3","%","65516","40160","75.5","47.1"
"% in employment","Other","ONS 5+1","2022","Year","England, Scotland & Wales","Female","16-64","RQF Level 2","?","%","?","?","?","?"
"% in employment","Unknown","ONS 5+1","2022","Year","England, Scotland & Wales","Female","16-64","RQF Level 2","?","%","?","?","?","?"
"% in employment","White","ONS 5+1","2022","Year","England, Scotland & Wales","Female","16-64","RQF Level 2","67.3","%","3142169","2115967","68.3","66.4"
"% in employment","Other than White","ONS 5+1","2022","Year","England, Scotland & Wales","Female","16-64","RQF Level 2","49.5","%","356882","176755","55.6","43.4"
"% in employment","All","ONS 5+1","2022","Year","England, Scotland & Wales","Female","16-64","RQF Level 2","65.5","%","3500406","2294077","66.5","64.6"
"% in employment","Asian or Asian British","ONS 5+1","2022","Year","England, Scotland & Wales","Male","16-64","RQF Level 2","67.8","%","127439","86361","77","58.6"
"% in employment","Black or Black British","ONS 5+1","2022","Year","England, Scotland & Wales","Male","16-64","RQF Level 2","59.1","%","69225","40891","73.4","44.7"
"% in employment","Mixed","ONS 5+1","2022","Year","England, Scotland & Wales","Male","16-64","RQF Level 2","64.4","%","54683","35226","79.1","49.7"
"% in employment","Other","ONS 5+1","2022","Year","England, Scotland & Wales","Male","16-64","RQF Level 2","?","%","?","?","?","?"
"% in employment","Unknown","ONS 5+1","2022","Year","England, Scotland & Wales","Male","16-64","RQF Level 2","?","%","?","?","?","?"
"% in employment","White","ONS 5+1","2022","Year","England, Scotland & Wales","Male","16-64","RQF Level 2","76.7","%","2772715","2127990","77.8","75.7"
"% in employment","Other than White","ONS 5+1","2022","Year","England, Scotland & Wales","Male","16-64","RQF Level 2","64.1","%","284900","182523","70.6","57.5"
"% in employment","All","ONS 5+1","2022","Year","England, Scotland & Wales","Male","16-64","RQF Level 2","75.6","%","3057615","2310513","76.6","74.6"
"% in employment","Asian or Asian British","ONS 5+1","2022","Year","England, Scotland & Wales","All","16-64","RQF Level 2","55.8","%","259425","144866","62.6","49.1"
"% in employment","Black or Black British","ONS 5+1","2022","Year","England, Scotland & Wales","All","16-64","RQF Level 2","56.9","%","187311","106659","65.9","48"
"% in employment","Mixed","ONS 5+1","2022","Year","England, Scotland & Wales","All","16-64","RQF Level 2","62.7","%","120199","75386","72.9","52.5"
"% in employment","Other","ONS 5+1","2022","Year","England, Scotland & Wales","All","16-64","RQF Level 2","43.2","%","74847","32367","57.4","29.1"
"% in employment","Unknown","ONS 5+1","2022","Year","England, Scotland & Wales","All","16-64","RQF Level 2","?","%","?","?","?","?"
"% in employment","White","ONS 5+1","2022","Year","England, Scotland & Wales","All","16-64","RQF Level 2","71.8","%","5914884","4243957","72.5","71"
"% in employment","Other than White","ONS 5+1","2022","Year","England, Scotland & Wales","All","16-64","RQF Level 2","56","%","641782","359278","60.5","51.4"
"% in employment","All","ONS 5+1","2022","Year","England, Scotland & Wales","All","16-64","RQF Level 2","70.2","%","6558021","4604590","70.9","69.5"
"% in employment","Asian or Asian British","ONS 5+1","2022","Year","England, Scotland & Wales","Female","16-64","RQF Below Level 2","?","%","?","?","?","?"
"% in employment","Black or Black British","ONS 5+1","2022","Year","England, Scotland & Wales","Female","16-64","RQF Below Level 2","?","%","?","?","?","?"
"% in employment","Mixed","ONS 5+1","2022","Year","England, Scotland & Wales","Female","16-64","RQF Below Level 2","?","%","?","?","?","?"
"% in employment","Other","ONS 5+1","2022","Year","England, Scotland & Wales","Female","16-64","RQF Below Level 2","?","%","?","?","?","?"
"% in employment","Unknown","ONS 5+1","2022","Year","England, Scotland & Wales","Female","16-64","RQF Below Level 2","?","%","?","?","?","?"
"% in employment","White","ONS 5+1","2022","Year","England, Scotland & Wales","Female","16-64","RQF Below Level 2","56.6","%","445245","251932","59.4","53.8"
"% in employment","Other than White","ONS 5+1","2022","Year","England, Scotland & Wales","Female","16-64","RQF Below Level 2","47.1","%","74927","35261","60.7","33.4"
"% in employment","All","ONS 5+1","2022","Year","England, Scotland & Wales","Female","16-64","RQF Below Level 2","55.2","%","520172","287193","57.9","52.6"
"% in employment","Asian or Asian British","ONS 5+1","2022","Year","England, Scotland & Wales","Male","16-64","RQF Below Level 2","?","%","?","?","?","?"
"% in employment","Black or Black British","ONS 5+1","2022","Year","England, Scotland & Wales","Male","16-64","RQF Below Level 2","?","%","?","?","?","?"
"% in employment","Mixed","ONS 5+1","2022","Year","England, Scotland & Wales","Male","16-64","RQF Below Level 2","?","%","?","?","?","?"
"% in employment","Other","ONS 5+1","2022","Year","England, Scotland & Wales","Male","16-64","RQF Below Level 2","?","%","?","?","?","?"
"% in employment","Unknown","ONS 5+1","2022","Year","England, Scotland & Wales","Male","16-64","RQF Below Level 2","?","%","?","?","?","?"
"% in employment","White","ONS 5+1","2022","Year","England, Scotland & Wales","Male","16-64","RQF Below Level 2","71.1","%","489879","348082","73.6","68.5"
"% in employment","Other than White","ONS 5+1","2022","Year","England, Scotland & Wales","Male","16-64","RQF Below Level 2","67.3","%","81224","54651","80.6","54"
"% in employment","All","ONS 5+1","2022","Year","England, Scotland & Wales","Male","16-64","RQF Below Level 2","70.6","%","572163","403793","73","68.1"
"% in employment","Asian or Asian British","ONS 5+1","2022","Year","England, Scotland & Wales","All","16-64","RQF Below Level 2","54.9","%","75925","41683","68.4","41.4"
"% in employment","Black or Black British","ONS 5+1","2022","Year","England, Scotland & Wales","All","16-64","RQF Below Level 2","?","%","?","?","?","?"
"% in employment","Mixed","ONS 5+1","2022","Year","England, Scotland & Wales","All","16-64","RQF Below Level 2","?","%","?","?","?","?"
"% in employment","Other","ONS 5+1","2022","Year","England, Scotland & Wales","All","16-64","RQF Below Level 2","?","%","?","?","?","?"
"% in employment","Unknown","ONS 5+1","2022","Year","England, Scotland & Wales","All","16-64","RQF Below Level 2","?","%","?","?","?","?"
"% in employment","White","ONS 5+1","2022","Year","England, Scotland & Wales","All","16-64","RQF Below Level 2","64.2","%","935124","600014","66.1","62.3"
"% in employment","Other than White","ONS 5+1","2022","Year","England, Scotland & Wales","All","16-64","RQF Below Level 2","57.6","%","156151","89912","67.3","47.8"
"% in employment","All","ONS 5+1","2022","Year","England, Scotland & Wales","All","16-64","RQF Below Level 2","63.3","%","1092335","690986","65.1","61.4"
"% in employment","Asian or Asian British","ONS 5+1","2022","Year","England, Scotland & Wales","Female","16-64","Other Qualifications","57.3","%","141232","80858","66.4","48.1"
"% in employment","Black or Black British","ONS 5+1","2022","Year","England, Scotland & Wales","Female","16-64","Other Qualifications","55.3","%","76127","42127","69.6","41.1"
"% in employment","Mixed","ONS 5+1","2022","Year","England, Scotland & Wales","Female","16-64","Other Qualifications","?","%","?","?","?","?"
"% in employment","Other","ONS 5+1","2022","Year","England, Scotland & Wales","Female","16-64","Other Qualifications","57","%","64795","36953","70.4","43.7"
"% in employment","Unknown","ONS 5+1","2022","Year","England, Scotland & Wales","Female","16-64","Other Qualifications","?","%","?","?","?","?"
"% in employment","White","ONS 5+1","2022","Year","England, Scotland & Wales","Female","16-64","Other Qualifications","66.6","%","437942","291736","69.5","63.8"
"% in employment","Other than White","ONS 5+1","2022","Year","England, Scotland & Wales","Female","16-64","Other Qualifications","56.8","%","294498","167248","63.3","50.3"
"% in employment","All","ONS 5+1","2022","Year","England, Scotland & Wales","Female","16-64","Other Qualifications","62.7","%","732440","458984","65","60.3"
"% in employment","Asian or Asian British","ONS 5+1","2022","Year","England, Scotland & Wales","Male","16-64","Other Qualifications","85","%","142135","120864","92","78.1"
"% in employment","Black or Black British","ONS 5+1","2022","Year","England, Scotland & Wales","Male","16-64","Other Qualifications","?","%","?","?","?","?"
"% in employment","Mixed","ONS 5+1","2022","Year","England, Scotland & Wales","Male","16-64","Other Qualifications","?","%","?","?","?","?"
"% in employment","Other","ONS 5+1","2022","Year","England, Scotland & Wales","Male","16-64","Other Qualifications","85.7","%","63161","54138","96.4","75"
"% in employment","Unknown","ONS 5+1","2022","Year","England, Scotland & Wales","Male","16-64","Other Qualifications","?","%","?","?","?","?"
"% in employment","White","ONS 5+1","2022","Year","England, Scotland & Wales","Male","16-64","Other Qualifications","81.9","%","635504","520664","83.9","79.9"
"% in employment","Other than White","ONS 5+1","2022","Year","England, Scotland & Wales","Male","16-64","Other Qualifications","84.1","%","274146","230618","89.3","78.9"
"% in employment","All","ONS 5+1","2022","Year","England, Scotland & Wales","Male","16-64","Other Qualifications","82.6","%","909650","751282","84.3","80.9"
"% in employment","Asian or Asian British","ONS 5+1","2022","Year","England, Scotland & Wales","All","16-64","Other Qualifications","71.2","%","283367","201722","77.2","65.1"
"% in employment","Black or Black British","ONS 5+1","2022","Year","England, Scotland & Wales","All","16-64","Other Qualifications","66.3","%","134180","88960","76.3","56.3"
"% in employment","Mixed","ONS 5+1","2022","Year","England, Scotland & Wales","All","16-64","Other Qualifications","?","%","?","?","?","?"
"% in employment","Other","ONS 5+1","2022","Year","England, Scotland & Wales","All","16-64","Other Qualifications","71.2","%","127956","91091","80.3","62"
"% in employment","Unknown","ONS 5+1","2022","Year","England, Scotland & Wales","All","16-64","Other Qualifications","?","%","?","?","?","?"
"% in employment","White","ONS 5+1","2022","Year","England, Scotland & Wales","All","16-64","Other Qualifications","75.7","%","1073446","812400","77.4","74"
"% in employment","Other than White","ONS 5+1","2022","Year","England, Scotland & Wales","All","16-64","Other Qualifications","70","%","568644","397866","74.4","65.5"
"% in employment","All","ONS 5+1","2022","Year","England, Scotland & Wales","All","16-64","Other Qualifications","73.7","%","1642090","1210266","75.2","72.2"
"% in employment","Asian or Asian British","ONS 5+1","2022","Year","England, Scotland & Wales","Female","16-64","No Qualifications","26.8","%","120831","32425","35.4","18.3"
"% in employment","Black or Black British","ONS 5+1","2022","Year","England, Scotland & Wales","Female","16-64","No Qualifications","?","%","?","?","?","?"
"% in employment","Mixed","ONS 5+1","2022","Year","England, Scotland & Wales","Female","16-64","No Qualifications","?","%","?","?","?","?"
"% in employment","Other","ONS 5+1","2022","Year","England, Scotland & Wales","Female","16-64","No Qualifications","?","%","?","?","?","?"
"% in employment","Unknown","ONS 5+1","2022","Year","England, Scotland & Wales","Female","16-64","No Qualifications","?","%","?","?","?","?"
"% in employment","White","ONS 5+1","2022","Year","England, Scotland & Wales","Female","16-64","No Qualifications","37.9","%","953279","360842","39.7","36"
"% in employment","Other than White","ONS 5+1","2022","Year","England, Scotland & Wales","Female","16-64","No Qualifications","28.8","%","248934","71655","35.3","22.2"
"% in employment","All","ONS 5+1","2022","Year","England, Scotland & Wales","Female","16-64","No Qualifications","36","%","1203201","432873","37.7","34.3"
"% in employment","Asian or Asian British","ONS 5+1","2022","Year","England, Scotland & Wales","Male","16-64","No Qualifications","63.2","%","123292","77859","72.9","53.4"
"% in employment","Black or Black British","ONS 5+1","2022","Year","England, Scotland & Wales","Male","16-64","No Qualifications","?","%","?","?","?","?"
"% in employment","Mixed","ONS 5+1","2022","Year","England, Scotland & Wales","Male","16-64","No Qualifications","?","%","?","?","?","?"
"% in employment","Other","ONS 5+1","2022","Year","England, Scotland & Wales","Male","16-64","No Qualifications","?","%","?","?","?","?"
"% in employment","Unknown","ONS 5+1","2022","Year","England, Scotland & Wales","Male","16-64","No Qualifications","?","%","?","?","?","?"
"% in employment","White","ONS 5+1","2022","Year","England, Scotland & Wales","Male","16-64","No Qualifications","49.2","%","1089761","536109","51.1","47.3"
"% in employment","Other than White","ONS 5+1","2022","Year","England, Scotland & Wales","Male","16-64","No Qualifications","52.7","%","237901","125435","60.3","45.1"
"% in employment","All","ONS 5+1","2022","Year","England, Scotland & Wales","Male","16-64","No Qualifications","49.9","%","1328997","662879","51.6","48.1"
"% in employment","Asian or Asian British","ONS 5+1","2022","Year","England, Scotland & Wales","All","16-64","No Qualifications","45.2","%","244123","110284","52.1","38.2"
"% in employment","Black or Black British","ONS 5+1","2022","Year","England, Scotland & Wales","All","16-64","No Qualifications","38","%","112745","42809","49.5","26.4"
"% in employment","Mixed","ONS 5+1","2022","Year","England, Scotland & Wales","All","16-64","No Qualifications","?","%","?","?","?","?"
"% in employment","Other","ONS 5+1","2022","Year","England, Scotland & Wales","All","16-64","No Qualifications","36.9","%","91405","33772","49.8","24.1"
"% in employment","Unknown","ONS 5+1","2022","Year","England, Scotland & Wales","All","16-64","No Qualifications","?","%","?","?","?","?"
"% in employment","White","ONS 5+1","2022","Year","England, Scotland & Wales","All","16-64","No Qualifications","43.9","%","2043040","896951","45.3","42.6"
"% in employment","Other than White","ONS 5+1","2022","Year","England, Scotland & Wales","All","16-64","No Qualifications","40.5","%","486835","197090","45.6","35.3"
"% in employment","All","ONS 5+1","2022","Year","England, Scotland & Wales","All","16-64","No Qualifications","43.3","%","2532198","1095752","44.5","42"
"% in employment","Asian or Asian British","ONS 5+1","2022","Year","England, Scotland & Wales","Female","16-64","Unknown","53.9","%","56628","30547","68.5","39.4"
"% in employment","Black or Black British","ONS 5+1","2022","Year","England, Scotland & Wales","Female","16-64","Unknown","?","%","?","?","?","?"
"% in employment","Mixed","ONS 5+1","2022","Year","England, Scotland & Wales","Female","16-64","Unknown","?","%","?","?","?","?"
"% in employment","Other","ONS 5+1","2022","Year","England, Scotland & Wales","Female","16-64","Unknown","?","%","?","?","?","?"
"% in employment","Unknown","ONS 5+1","2022","Year","England, Scotland & Wales","Female","16-64","Unknown","?","%","?","?","?","?"
"% in employment","White","ONS 5+1","2022","Year","England, Scotland & Wales","Female","16-64","Unknown","74.7","%","647898","483908","76.7","72.7"
"% in employment","Other than White","ONS 5+1","2022","Year","England, Scotland & Wales","Female","16-64","Unknown","55.9","%","115601","64661","66.4","45.5"
"% in employment","All","ONS 5+1","2022","Year","England, Scotland & Wales","Female","16-64","Unknown","71.6","%","767227","549386","73.6","69.6"
"% in employment","Asian or Asian British","ONS 5+1","2022","Year","England, Scotland & Wales","Male","16-64","Unknown","83.2","%","62429","51914","94.4","71.9"
"% in employment","Black or Black British","ONS 5+1","2022","Year","England, Scotland & Wales","Male","16-64","Unknown","?","%","?","?","?","?"
"% in employment","Mixed","ONS 5+1","2022","Year","England, Scotland & Wales","Male","16-64","Unknown","?","%","?","?","?","?"
"% in employment","Other","ONS 5+1","2022","Year","England, Scotland & Wales","Male","16-64","Unknown","?","%","?","?","?","?"
"% in employment","Unknown","ONS 5+1","2022","Year","England, Scotland & Wales","Male","16-64","Unknown","?","%","?","?","?","?"
"% in employment","White","ONS 5+1","2022","Year","England, Scotland & Wales","Male","16-64","Unknown","83.1","%","775553","644431","84.8","81.4"
"% in employment","Other than White","ONS 5+1","2022","Year","England, Scotland & Wales","Male","16-64","Unknown","73.5","%","134302","98749","83.1","64"
"% in employment","All","ONS 5+1","2022","Year","England, Scotland & Wales","Male","16-64","Unknown","81.5","%","914435","745154","83.1","79.8"
"% in employment","Asian or Asian British","ONS 5+1","2022","Year","England, Scotland & Wales","All","16-64","Unknown","69.3","%","119057","82461","78.9","59.6"
"% in employment","Black or Black British","ONS 5+1","2022","Year","England, Scotland & Wales","All","16-64","Unknown","?","%","?","?","?","?"
"% in employment","Mixed","ONS 5+1","2022","Year","England, Scotland & Wales","All","16-64","Unknown","?","%","?","?","?","?"
"% in employment","Other","ONS 5+1","2022","Year","England, Scotland & Wales","All","16-64","Unknown","?","%","?","?","?","?"
"% in employment","Unknown","ONS 5+1","2022","Year","England, Scotland & Wales","All","16-64","Unknown","?","%","?","?","?","?"
"% in employment","White","ONS 5+1","2022","Year","England, Scotland & Wales","All","16-64","Unknown","79.3","%","1423451","1128339","80.6","78"
"% in employment","Other than White","ONS 5+1","2022","Year","England, Scotland & Wales","All","16-64","Unknown","65.4","%","249903","163410","72.6","58.2"
"% in employment","All","ONS 5+1","2022","Year","England, Scotland & Wales","All","16-64","Unknown","77","%","1681662","1294540","78.3","75.7"
"% in employment","Asian or Asian British","ONS 5+1","2022","Year","England, Scotland & Wales","Female","16-64","All","65.1","%","1399214","910949","67.9","62.3"
"% in employment","Black or Black British","ONS 5+1","2022","Year","England, Scotland & Wales","Female","16-64","All","69.5","%","780650","542825","73.6","65.4"
"% in employment","Mixed","ONS 5+1","2022","Year","England, Scotland & Wales","Female","16-64","All","74","%","314534","232604","79.5","68.4"
"% in employment","Other","ONS 5+1","2022","Year","England, Scotland & Wales","Female","16-64","All","65.3","%","554175","361605","69.9","60.6"
"% in employment","Unknown","ONS 5+1","2022","Year","England, Scotland & Wales","Female","16-64","All","?","%","?","?","?","?"
"% in employment","White","ONS 5+1","2022","Year","England, Scotland & Wales","Female","16-64","All","76.2","%","15735175","11985057","76.6","75.8"
"% in employment","Other than White","ONS 5+1","2022","Year","England, Scotland & Wales","Female","16-64","All","67.2","%","3048573","2047983","69.1","65.2"
"% in employment","All","ONS 5+1","2022","Year","England, Scotland & Wales","Female","16-64","All","74.7","%","18795907","14040413","75.1","74.3"
"% in employment","Asian or Asian British","ONS 5+1","2022","Year","England, Scotland & Wales","Male","16-64","All","84.5","%","1413084","1194531","86.8","82.3"
"% in employment","Black or Black British","ONS 5+1","2022","Year","England, Scotland & Wales","Male","16-64","All","78.6","%","560947","440910","82.9","74.3"
"% in employment","Mixed","ONS 5+1","2022","Year","England, Scotland & Wales","Male","16-64","All","75.9","%","276685","210077","81.8","70"
"% in employment","Other","ONS 5+1","2022","Year","England, Scotland & Wales","Male","16-64","All","81","%","522947","423424","85.2","76.7"
"% in employment","Unknown","ONS 5+1","2022","Year","England, Scotland & Wales","Male","16-64","All","?","%","?","?","?","?"
"% in employment","White","ONS 5+1","2022","Year","England, Scotland & Wales","Male","16-64","All","82.3","%","15986295","13150595","82.6","81.9"
"% in employment","Other than White","ONS 5+1","2022","Year","England, Scotland & Wales","Male","16-64","All","81.8","%","2773663","2268942","83.5","80.1"
"% in employment","All","ONS 5+1","2022","Year","England, Scotland & Wales","Male","16-64","All","82.2","%","18775958","15431365","82.5","81.8"
"% in employment","Asian or Asian British","ONS 5+1","2022","Year","England, Scotland & Wales","All","16-64","All","74.9","%","2812298","2105480","76.7","73"
"% in employment","Black or Black British","ONS 5+1","2022","Year","England, Scotland & Wales","All","16-64","All","73.3","%","1341597","983735","76.3","70.3"
"% in employment","Mixed","ONS 5+1","2022","Year","England, Scotland & Wales","All","16-64","All","74.9","%","591219","442681","78.9","70.8"
"% in employment","Other","ONS 5+1","2022","Year","England, Scotland & Wales","All","16-64","All","72.9","%","1077122","785029","76.1","69.7"
"% in employment","Unknown","ONS 5+1","2022","Year","England, Scotland & Wales","All","16-64","All","?","%","?","?","?","?"
"% in employment","White","ONS 5+1","2022","Year","England, Scotland & Wales","All","16-64","All","79.2","%","31721470","25135652","79.5","79"
"% in employment","Other than White","ONS 5+1","2022","Year","England, Scotland & Wales","All","16-64","All","74.1","%","5822236","4316925","75.5","72.8"
"% in employment","All","ONS 5+1","2022","Year","England, Scotland & Wales","All","16-64","All","78.4","%","37571865","29471778","78.7","78.2"
